--
-- PostgreSQL database dump
--

\restrict ADPzhL9TSeqr1VWXIPwUjpkN9UWhAxTZSNeYyMdSlKs8QcPG9bqUclKeml2n46t

-- Dumped from database version 18.4
-- Dumped by pg_dump version 18.4 (Debian 18.4-1.pgdg13+1)

SET statement_timeout = 0;
SET lock_timeout = 0;
SET idle_in_transaction_session_timeout = 0;
SET transaction_timeout = 0;
SET client_encoding = 'UTF8';
SET standard_conforming_strings = on;
SELECT pg_catalog.set_config('search_path', '', false);
SET check_function_bodies = false;
SET xmloption = content;
SET client_min_messages = warning;
SET row_security = off;

SET default_tablespace = '';

SET default_table_access_method = heap;

--
-- Name: diagnoses; Type: TABLE; Schema: public; Owner: postgres
--

CREATE TABLE public.diagnoses (
    id character varying NOT NULL,
    user_id character varying,
    created_at timestamp without time zone,
    crop character varying,
    disease_name character varying,
    growth_stage character varying,
    confidence character varying,
    disease_type character varying,
    spread_rate character varying,
    severity character varying,
    symptoms json,
    explanation text,
    status character varying,
    pathogen character varying,
    summary text,
    treatment json,
    prevention json,
    recommended_products json
);


ALTER TABLE public.diagnoses OWNER TO postgres;

--
-- Name: disease_products; Type: TABLE; Schema: public; Owner: postgres
--

CREATE TABLE public.disease_products (
    disease_id character varying NOT NULL,
    product_id character varying NOT NULL
);


ALTER TABLE public.disease_products OWNER TO postgres;

--
-- Name: diseases; Type: TABLE; Schema: public; Owner: postgres
--

CREATE TABLE public.diseases (
    id character varying NOT NULL,
    name character varying NOT NULL,
    pathogen character varying,
    description text
);


ALTER TABLE public.diseases OWNER TO postgres;

--
-- Name: products; Type: TABLE; Schema: public; Owner: postgres
--

CREATE TABLE public.products (
    product_id character varying NOT NULL,
    name character varying NOT NULL,
    product_type character varying,
    crops text,
    ingredients text,
    usage text,
    dilution character varying,
    spec character varying,
    price double precision
);


ALTER TABLE public.products OWNER TO postgres;

--
-- Name: users; Type: TABLE; Schema: public; Owner: postgres
--

CREATE TABLE public.users (
    id character varying NOT NULL,
    email character varying NOT NULL,
    hashed_password character varying NOT NULL,
    full_name character varying,
    created_at timestamp without time zone,
    is_active boolean
);


ALTER TABLE public.users OWNER TO postgres;

--
-- Data for Name: diagnoses; Type: TABLE DATA; Schema: public; Owner: postgres
--

COPY public.diagnoses (id, user_id, created_at, crop, disease_name, growth_stage, confidence, disease_type, spread_rate, severity, symptoms, explanation, status, pathogen, summary, treatment, prevention, recommended_products) FROM stdin;
af017424-3cef-420a-a391-f20dfe0424f5	\N	2026-06-15 11:57:45.948068	citrus fruits	Blue Mold	harvested fruits	85%	fungal	fast	Medium	["blue-green fuzzy mold on fruit surface", "fruit decay and softening", "discoloration of peel"]	The image shows citrus fruits with blue-green mold patches, typical of Penicillium mold (Blue Mold) which affects harvested citrus fruits during storage or transportation.	diseased	Blue Mold — fungal pathogen affecting citrus fruits	The citrus fruits show blue-green fuzzy mold patches typical of Blue Mold (Penicillium species), along with fruit decay, softening, and discoloration of the peel. These symptoms usually appear during storage or transportation.	["Remove and discard all infected fruits to reduce the spread of the mold.", "Use Pyraclostrobin (Kairun) fungicide by mixing 10 grams with 30 jin of water and spray evenly on the fruits and storage areas.", "Ensure good ventilation and reduce humidity in storage to slow fungal growth.", "Repeat the fungicide application every 7 days for 2-3 applications to control the disease effectively.", "Clean and disinfect storage containers and transport vehicles before use."]	["Handle fruits carefully to avoid wounds that can be entry points for the mold.", "Store citrus fruits in cool, dry, and well-ventilated conditions to inhibit fungal growth.", "Regularly inspect stored fruits and remove any showing early signs of mold."]	[{"product_id": "PN0002", "name": "Pyraclostrobin (Kairun)", "product_type": "pesticide", "ingredients": "Active ingredient: Pyraclostrobin 250 g/L", "spec": "100 grams", "how_to_use": "Mix 10 grams of Pyraclostrobin with 30 jin of water and spray evenly on the citrus fruits and storage environment to control Blue Mold.", "frequency": "Apply every 7 days for 2-3 applications", "caution": "Avoid overuse to prevent resistance development; follow recommended dosage and intervals.", "match_score": 0.5744, "source": "rag"}, {"product_id": "PN0034", "name": "1.8% Xingjunamine Acetate", "product_type": "pesticide", "ingredients": "Active ingredient: Oxyphenidyl 1.26%", "spec": "200g/500g/1000g", "how_to_use": "Crop/Location Control Target Dosage (Preparation Dose/Acre) Application Method Apple rust: 160-320 times dilution (spray) Apple rot: 200-300 times dilution (apply to wounds) Technical Requirements: 1", "frequency": "Every 7-10 days", "caution": "Follow label instructions", "match_score": 0.3199, "source": "rag"}, {"product_id": "PN0029", "name": "6% Kasugamycin", "product_type": "pesticide", "ingredients": "Active ingredient: Kasugamycin 6%", "spec": "500 grams", "how_to_use": "Target pests: Rice blast", "frequency": "Every 7-10 days", "caution": "Follow label instructions", "match_score": 0.2416, "source": "rag"}]
1971ce1a-b81d-435b-9545-6ffeb37dfc9c	1830b0b7-3035-49d6-9200-6ee32b9b2bf9	2026-06-19 10:57:46.782458	tomato	blossom end rot	fruiting	90%	nutrient deficiency	moderate	Medium	["sunken black necrotic area on fruit end", "discoloration and softening of fruit tissue", "cracking and lesions near affected area"]	The image shows a ripe tomato fruit with a dark, sunken patch and surrounding tissue decay typical of blossom end rot caused by calcium deficiency. The presence of ripe fruit and the typical shape and color confirm the crop and growth stage.	diseased	blossom end rot — nutrient deficiency	The tomato fruit shows a dark, sunken black necrotic area on the fruit end, discoloration and softening of the fruit tissue, and cracking and lesions near the affected area. These symptoms are typical of blossom end rot caused by calcium deficiency.	["Ensure consistent watering to avoid fluctuations in soil moisture, which can worsen calcium uptake problems.", "Apply calcium-containing foliar sprays or soil amendments to increase calcium availability to the plants.", "Avoid excessive nitrogen fertilization which can inhibit calcium uptake.", "Mulch around the plants to maintain soil moisture and temperature.", "Remove affected fruits to reduce secondary infections and improve plant health."]	["Maintain even soil moisture by regular watering and mulching to prevent calcium deficiency.", "Avoid excessive nitrogen fertilizer application, which can reduce calcium uptake.", "Use soil tests to monitor and adjust calcium levels before planting."]	[{"product_id": "PN0002", "name": "Pyraclostrobin (Kairun)", "product_type": "pesticide", "ingredients": "Active ingredient: Pyraclostrobin 250 g/L", "spec": "100 grams", "how_to_use": "Although Pyraclostrobin is a pesticide and not directly effective against nutrient deficiency, if fungal diseases are suspected alongside, mix 10 grams with 30 jin of water and spray evenly on the tomato plants.", "frequency": "Use as needed based on disease presence, following label instructions.", "caution": "Do not overuse to prevent resistance development.", "match_score": 0.5134, "source": "rag"}, {"product_id": "PN0029", "name": "6% Kasugamycin", "product_type": "pesticide", "ingredients": "Active ingredient: Kasugamycin 6%", "spec": "500 grams", "how_to_use": "Kasugamycin is not effective for blossom end rot or nutrient deficiencies; it is for rice blast and tobacco wildfire control and should not be used on tomatoes.", "frequency": "Not applicable for tomato blossom end rot.", "caution": "Use only on recommended crops and diseases to avoid crop damage.", "match_score": 0.4842, "source": "rag"}, {"product_id": "PN0007", "name": "3% Metalaxyl-Hymexazol", "product_type": "pesticide", "ingredients": "Active ingredients: Hymexazol 2.5%, Metalaxyl 0.5%; Total active ingredients: Metalaxyl-M 3% (Active ingredients and their contents: Hymexazol 2.5%, Metalaxyl 0.5%)", "spec": "1000g/500g/100g", "how_to_use": "This product targets damping-off disease in rice seedlings and is not suitable for treating blossom end rot in tomatoes.", "frequency": "Not applicable for tomato blossom end rot.", "caution": "Use only on recommended crops and diseases to avoid ineffective treatment.", "match_score": 0.4256, "source": "rag"}]
702d17c5-8c1e-43b4-8772-8537f67dba76	1830b0b7-3035-49d6-9200-6ee32b9b2bf9	2026-06-19 10:59:36.3297	citrus fruits (lemons and oranges)	blue mold (Penicillium mold)	post-harvest	90%	fungal	fast	Medium	["blue-green fuzzy mold spots", "white powdery mold growth", "fruit decay and discoloration"]	The fruits show blue and white powdery mold spots, which are indicative of blue mold caused by Penicillium species. The fruits are mature and harvested, as they are separated from the plant.	diseased	blue mold (Penicillium mold) — fungal pathogen	The citrus fruits show visible blue-green fuzzy mold spots and white powdery mold growth, which are typical symptoms of blue mold caused by Penicillium species. The fruits are mature and harvested, exhibiting fruit decay and discoloration.	["Remove and discard all affected fruits to reduce the spread of the mold.", "Ensure proper storage conditions with good ventilation and low humidity to slow mold growth.", "Apply fungicides as per the instructions below to control the fungal infection.", "Avoid handling fruits when wet to prevent spreading spores.", "Monitor fruits regularly for any new signs of mold and repeat treatments if necessary."]	["Store harvested fruits in cool, dry, and well-ventilated areas to inhibit mold growth.", "Handle fruits carefully to avoid bruising, which can increase susceptibility to blue mold.", "Regularly inspect stored fruits and promptly remove any showing signs of mold to prevent spread."]	[{"product_id": "PN0002", "name": "Pyraclostrobin (Kairun)", "product_type": "pesticide", "ingredients": "Active ingredient: Pyraclostrobin 250 g/L", "spec": "100 grams", "how_to_use": "Mix 10 grams of Pyraclostrobin (Kairun) with 30 jin of water and spray on the harvested citrus fruits showing blue mold symptoms to control fungal growth.", "frequency": "Apply once and repeat every 7-10 days if symptoms persist, up to 3 applications.", "caution": "Avoid overuse to prevent resistance development; follow recommended doses.", "match_score": 0.3316, "source": "rag"}, {"product_id": "PN0034", "name": "1.8% Xingjunamine Acetate", "product_type": "pesticide", "ingredients": "Active ingredient: Oxyphenidyl 1.26%", "spec": "200g/500g/1000g", "how_to_use": "Dilute 50 grams of 1.8% Xingjunamine Acetate with 30 jin of water and apply by spraying on harvested fruits with visible blue mold spots and decay.", "frequency": "Apply 2-3 times consecutively with 7-10 days interval between applications.", "caution": "Do not apply during midday heat; spray before 10:00 AM or after 1:00 PM.", "match_score": 0.3213, "source": "rag"}, {"product_id": "PN0029", "name": "6% Kasugamycin", "product_type": "pesticide", "ingredients": "Active ingredient: Kasugamycin 6%", "spec": "500 grams", "how_to_use": "Dilute 45 grams of 6% Kasugamycin with 30 jin of water and spray evenly on harvested citrus fruits affected by blue mold to reduce fungal infection.", "frequency": "Apply once every 7-10 days for 2-3 consecutive applications.", "caution": "Reapply if rain occurs within 3 hours of spraying to maintain effectiveness.", "match_score": 0.2458, "source": "rag"}]
89ccb141-bbf6-4055-9a1e-0419d205bc10	1830b0b7-3035-49d6-9200-6ee32b9b2bf9	2026-06-19 11:07:35.599715	citrus fruits	Blue Mold	post-harvest	90%	fungal	fast	moderate	["blue-green mold patches", "softening of fruit skin", "discoloration", "fruit decay"]	The affected fruits show typical signs of Blue Mold caused by Penicillium species, characterized by blue-green fuzzy mold growth on the rind post-harvest.	diseased	Blue Mold — fungal pathogen (Penicillium species)	The citrus fruits show moderate infection with Blue Mold, characterized by blue-green mold patches on the rind, softening of the fruit skin, discoloration, and fruit decay. These symptoms typically appear post-harvest and indicate fungal growth that can rapidly spoil the fruit.	["Remove and discard all infected fruits to prevent spread of the mold.", "Ensure good air circulation and reduce humidity in storage areas to slow fungal growth.", "Apply fungicides promptly according to the recommended dilution and usage instructions.", "Handle fruits carefully to avoid wounds that can serve as infection sites.", "Monitor treated fruits regularly and repeat applications as advised."]	["Store citrus fruits in well-ventilated, dry conditions to reduce humidity and fungal growth.", "Handle fruits gently during harvest and post-harvest to avoid skin damage.", "Regularly inspect stored fruits and promptly remove any showing signs of mold or decay."]	[{"product_id": "PN0002", "name": "Pyraclostrobin (Kairun)", "product_type": "pesticide", "ingredients": "Active ingredient: Pyraclostrobin 250 g/L", "spec": "100 grams", "how_to_use": "Mix 10 grams of Pyraclostrobin with 30 jin of water and spray evenly on citrus fruits and storage areas to control Blue Mold.", "frequency": "Apply as needed, observing fruit condition; repeat applications can be done following label recommendations.", "caution": "Avoid overuse to prevent resistance development; follow label dosage strictly.", "match_score": 0.5744, "source": "rag"}, {"product_id": "PN0034", "name": "1.8% Xingjunamine Acetate", "product_type": "pesticide", "ingredients": "Active ingredient: Oxyphenidyl 1.26%", "spec": "200g/500g/1000g", "how_to_use": "Dilute 50 grams of product with 30 jin of water and spray on citrus fruits, especially targeting wounds and infected areas to control fungal growth.", "frequency": "Apply 2-3 times consecutively with 7-10 days interval between applications.", "caution": "Do not apply during midday heat; apply before 10:00 AM or after 1:00 PM for best efficacy.", "match_score": 0.3199, "source": "rag"}, {"product_id": "PN0029", "name": "6% Kasugamycin", "product_type": "pesticide", "ingredients": "Active ingredient: Kasugamycin 6%", "spec": "500 grams", "how_to_use": "Although primarily for rice and tobacco diseases, dilute 45 grams with 30 jin of water and spray evenly on citrus fruits as a supplementary treatment against fungal pathogens.", "frequency": "Apply once every 7-10 days, for 2-3 consecutive applications.", "caution": "Avoid application before rain or windy conditions; reapply if rain occurs within 3 hours.", "match_score": 0.2416, "source": "rag"}]
1acc6633-43a7-42f0-b86d-8d587f432ee5	1830b0b7-3035-49d6-9200-6ee32b9b2bf9	2026-06-19 11:11:12.641754	tomato	tomato fruit rot	fruiting	85%	bacterial	moderate	moderate	["discoloration", "rot on fruit surface", "cracking and scarring"]	The fruit is a ripe tomato showing signs of rot and damage consistent with common tomato fruit diseases such as bacterial or fungal rot.	diseased	tomato fruit rot — bacterial	The ripe tomato fruit shows moderate symptoms of bacterial rot including discoloration, rot on the fruit surface, and cracking and scarring. These symptoms indicate a bacterial fruit rot disease affecting the quality and marketability of the tomatoes.	["Remove and destroy all affected fruits to reduce the source of infection.", "Avoid overhead irrigation to minimize moisture on fruit surfaces.", "Apply recommended pesticides as per instructions to control bacterial growth.", "Ensure good air circulation around plants by proper spacing and pruning.", "Monitor plants regularly and repeat treatments as needed following product guidelines."]	["Use certified disease-free seeds or seedlings to prevent introduction of pathogens.", "Practice crop rotation with non-host crops to reduce pathogen buildup in soil.", "Maintain good field sanitation by removing plant debris and weeds that can harbor pathogens."]	[{"product_id": "PN0002", "name": "Pyraclostrobin (Kairun)", "product_type": "pesticide", "ingredients": "Active ingredient: Pyraclostrobin 250 g/L", "spec": "100 grams", "how_to_use": "Mix 10 grams of Pyraclostrobin (Kairun) with 30 jin of water and spray evenly on the affected tomato plants focusing on the fruit surface showing rot symptoms.", "frequency": "Apply every 7-10 days for 2-3 applications as needed.", "caution": "Avoid spraying during flowering to prevent phytotoxicity and rotate with other modes of action to prevent resistance.", "match_score": 0.512, "source": "rag"}, {"product_id": "PN0029", "name": "6% Kasugamycin", "product_type": "pesticide", "ingredients": "Active ingredient: Kasugamycin 6%", "spec": "500 grams", "how_to_use": "Though primarily for rice diseases, Kasugamycin can be applied by diluting 45 grams with 30 jin of water and spraying on tomato plants showing bacterial symptoms to reduce bacterial load.", "frequency": "Apply once every 7-10 days for 2-3 consecutive applications if symptoms persist.", "caution": "Do not apply if rain is expected within 3 hours to avoid wash-off; reapply if rain occurs.", "match_score": 0.486, "source": "rag"}, {"product_id": "PN0007", "name": "3% Metalaxyl-Hymexazol", "product_type": "pesticide", "ingredients": "Active ingredients: Hymexazol 2.5%, Metalaxyl 0.5%; Total active ingredients: Metalaxyl-M 3% (Active ingredients and their contents: Hymexazol 2.5%, Metalaxyl 0.5%)", "spec": "1000g/500g/100g", "how_to_use": "Dilute 100 grams of 3% Metalaxyl-Hymexazol with 30 jin of water and spray on soil and plant surfaces around tomato plants to help control fungal pathogens that may complicate bacterial rot.", "frequency": "Apply up to 3 times per season with a minimum safety interval of 3 days between applications.", "caution": "Use as a preventive measure and avoid overuse to reduce risk of resistance development.", "match_score": 0.4262, "source": "rag"}]
b40bec2d-edd5-4895-b619-2b3504ee7a83	1830b0b7-3035-49d6-9200-6ee32b9b2bf9	2026-06-19 11:20:23.852181	citrus fruits	blue mold rot	post-harvest	85%	fungal	fast	moderate	["blue-green mold on fruit surface", "fruit decay", "softened and discolored areas"]	The image shows harvested citrus fruits with blue-green fuzzy mold growth on the surface, indicative of blue mold rot caused by Penicillium species. This is a common post-harvest fungal disease affecting citrus fruits during storage.	diseased	blue mold rot — fungal pathogen (Penicillium species)	The citrus fruits show blue-green fuzzy mold growth on the surface, along with fruit decay and softened, discolored areas. These symptoms indicate blue mold rot, a common post-harvest fungal disease affecting citrus fruits during storage.	["Remove and discard all infected fruits to reduce sources of fungal spores.", "Ensure storage areas are clean, dry, and well-ventilated to slow fungal growth.", "Apply fungicides as per the instructions below to protect healthy fruits during storage.", "Handle fruits carefully to avoid wounds which can increase infection risk.", "Monitor fruits regularly and repeat treatments as recommended if symptoms persist."]	["Store citrus fruits in cool, dry, and well-ventilated conditions to slow fungal development.", "Handle fruits gently to prevent wounds that facilitate fungal infection.", "Regularly clean storage areas and remove any decayed fruits promptly."]	[{"product_id": "PN0002", "name": "Pyraclostrobin (Kairun)", "product_type": "pesticide", "ingredients": "Active ingredient: Pyraclostrobin 250 g/L", "spec": "100 grams", "how_to_use": "Mix 10 grams of Pyraclostrobin with 30 jin of water and spray the solution evenly on citrus fruits after harvest and before storage to inhibit fungal growth.", "frequency": "Apply once after harvest; repeat if symptoms reappear during storage.", "caution": "Avoid overuse to prevent resistance; follow recommended dosage strictly.", "match_score": 0.5656, "source": "rag"}, {"product_id": "PN0034", "name": "1.8% Xingjunamine Acetate", "product_type": "pesticide", "ingredients": "Active ingredient: Oxyphenidyl 1.26%", "spec": "200g/500g/1000g", "how_to_use": "Although primarily for apple rust and rot, this product can be used by diluting 50 grams in 30 jin of water and applying to wounds on citrus fruits to reduce fungal infection risk.", "frequency": "Apply 2-3 times consecutively with 7-10 days interval if wounds are present.", "caution": "Do not apply during midday heat; spray before 10:00 AM or after 1:00 PM.", "match_score": 0.3315, "source": "rag"}, {"product_id": "PN0029", "name": "6% Kasugamycin", "product_type": "pesticide", "ingredients": "Active ingredient: Kasugamycin 6%", "spec": "500 grams", "how_to_use": "This product targets rice and tobacco diseases but can be used to spray citrus fruits by diluting 45 grams in 30 jin of water to provide additional fungal control during storage.", "frequency": "Apply once after harvest; reapply every 7-10 days for up to 3 applications if conditions favor fungal growth.", "caution": "Avoid spraying before rain; if rain occurs within 3 hours, reapply.", "match_score": 0.2354, "source": "rag"}]
d1ab01b1-42c2-4282-80a7-0a2ef2d9a13c	\N	2026-06-19 11:22:08.196042	citrus fruits (lemons and oranges)	blue mold decay	harvested/ post-harvest	90%	fungal	fast	moderate	["white powdery or fuzzy mold growth", "blue-green mold patches", "fruit decay and shriveling"]	The image shows harvested citrus fruits with white and blue-green fuzzy mold on their surfaces, typical of blue mold caused by Penicillium mold species during storage or post-harvest.	diseased	blue mold decay — fungal pathogen	The citrus fruits (lemons and oranges) show moderate symptoms of blue mold decay characterized by white powdery or fuzzy mold growth, blue-green mold patches, and fruit decay and shriveling. These symptoms typically occur during storage or post-harvest.	["Remove and discard all visibly infected fruits to prevent spread.", "Ensure good ventilation and low humidity in storage areas to reduce mold growth.", "Apply fungicides according to the product instructions to control fungal growth.", "Handle fruits carefully to avoid wounds that can facilitate infection.", "Monitor fruits regularly for early signs of mold and repeat treatments if necessary."]	["Store citrus fruits in cool, dry, and well-ventilated conditions to inhibit mold growth.", "Avoid mechanical damage to fruits during harvesting and handling to reduce infection entry points.", "Regularly inspect stored fruits and promptly remove any showing signs of mold or decay."]	[{"product_id": "PN0002", "name": "Pyraclostrobin (Kairun)", "product_type": "pesticide", "ingredients": "Active ingredient: Pyraclostrobin 250 g/L", "spec": "100 grams", "how_to_use": "Mix 10 grams of Pyraclostrobin (Kairun) with 30 jin of water and spray evenly on harvested citrus fruits and storage areas to control blue mold decay.", "frequency": "Apply once and repeat every 7-10 days if symptoms persist, up to 3 applications per season.", "caution": "Avoid spraying during the hottest part of the day to prevent phytotoxicity.", "match_score": 0.3367, "source": "rag"}, {"product_id": "PN0034", "name": "1.8% Xingjunamine Acetate", "product_type": "pesticide", "ingredients": "Active ingredient: Oxyphenidyl 1.26%", "spec": "200g/500g/1000g", "how_to_use": "Dilute 50 grams of 1.8% Xingjunamine Acetate with 30 jin of water and spray on fruits and storage surfaces to inhibit fungal growth causing blue mold decay.", "frequency": "Apply 2-3 times consecutively with 7-10 days interval between applications.", "caution": "Do not apply during midday heat; spray before 10:00 AM or after 1:00 PM.", "match_score": 0.3293, "source": "rag"}, {"product_id": "PN0029", "name": "6% Kasugamycin", "product_type": "pesticide", "ingredients": "Active ingredient: Kasugamycin 6%", "spec": "500 grams", "how_to_use": "Although primarily for rice blast, you may apply 45 grams of 6% Kasugamycin diluted in 30 jin of water as a preventive spray on citrus fruits to support fungal disease control.", "frequency": "Apply once every 7-10 days for up to 3 applications if needed.", "caution": "Reapply if rain occurs within 3 hours of spraying to maintain effectiveness.", "match_score": 0.2497, "source": "rag"}]
93b501bf-0b43-4ed7-93be-d13ae2408335	\N	2026-06-19 11:37:08.281214	rose	Black Spot	vegetative	85%	fungal	fast	Medium	["black circular spots on leaves", "yellowing surrounding spots", "leaf necrosis"]	The leaves show characteristic round black spots with fringed edges on green leaves, typical of Black Spot disease in rose plants.	diseased	Alternaria / Diplocarpon spp. — fungal	The rose leaves show characteristic round black spots with fringed edges surrounded by yellow halos, typical of Black Spot disease. These symptoms include black circular spots on leaves, yellowing around the spots, and leaf necrosis.	["Remove and destroy all infected leaves and plant debris to reduce fungal spores.", "Spray the rose plants thoroughly with Garden Full Clear diluted 1000 times during the growing season to promote plant health and resistance.", "Apply Universal Fungicide Liquid directly without dilution to affected plants to control the fungal infection.", "Repeat applications as recommended to maintain control over the disease.", "Monitor plants regularly and reapply treatments if symptoms reappear or worsen."]	["Ensure good air circulation around rose plants by proper spacing and pruning.", "Water plants at the base early in the day to keep leaves dry and reduce fungal growth.", "Regularly inspect plants and promptly remove any leaves showing early symptoms of Black Spot."]	[{"product_id": "AF0010", "name": "Garden Full Clear", "product_type": "Assisted growth", "ingredients": "Effective bacterial strains: Bacillus subtilis, Bacillus brevis, Bacillus licheniformis, Bacillus mucilaginosa, Bacillus amyloliquefaciens; effective viable count \\u2265 200 million/ml", "spec": "50g/100g/500g", "how_to_use": "Dilute the solution 1000 times (e.g., 1 gram per 1 pound of water) and spray evenly on rose leaves during the growing season to enhance plant health and resistance against Black Spot.", "frequency": "Apply every 7-10 days for 3-4 applications or as needed based on local conditions.", "caution": "Avoid spraying during the hottest part of the day to prevent leaf burn.", "match_score": 1.0, "source": "db"}, {"product_id": "AF0035", "name": "Universal Fungicide Liquid", "product_type": "Assisted growth", "ingredients": "", "spec": "500 grams", "how_to_use": "Use directly without dilution and spray thoroughly on all affected rose leaves to control Black Spot fungus.", "frequency": "Apply every 7 days for 2-3 applications or until symptoms reduce.", "caution": "Wear protective gloves and avoid inhalation during application.", "match_score": 1.0, "source": "db"}]
de4048ee-2acc-4b1a-898f-d6d4b0a7b8a9	\N	2026-06-19 11:38:13.40086	Avocado	Anthracnose	Mature leaf stage	75%	fungal	moderate	Medium	["dark spots on leaves", "lesions on leaf surface", "yellowing edges"]	The image shows a mature avocado leaf with visible dark spots and subtle lesions typical of Anthracnose infection.	diseased	Colletotrichum spp. — fungal	The avocado leaves show visible symptoms of Anthracnose including dark spots on leaves, lesions on the leaf surface, and yellowing edges. These symptoms indicate a medium severity fungal infection that affects the fruit and stems as well.	["Remove and destroy infected leaves and fruit to reduce the spread of the fungus.", "Ensure good air circulation around the avocado trees by pruning dense foliage.", "Spray the trees with the recommended bacterial products diluted as instructed to help control the fungal infection.", "Apply treatments in the early morning or late afternoon to avoid leaf burn and improve absorption.", "Repeat applications as recommended to maintain control over the disease."]	["Maintain good orchard hygiene by removing fallen leaves and fruit regularly.", "Avoid overhead irrigation to reduce leaf wetness and fungal spread.", "Ensure proper spacing and pruning to improve air circulation around trees."]	[{"product_id": "AF0001", "name": "Citrus Bacteria Clear", "product_type": "Assisted growth", "ingredients": "Effective bacterial strains: Bacillus subtilis, Bacillus brevis, Bacillus licheniformis, Bacillus mucilaginosa, Bacillus amyloliquefaciens; effective viable count \\u2265 200 million/ml", "spec": "50g/500g", "how_to_use": "Dilute Citrus Bacteria Clear 1000 times (1 gram per 1 pound of water) and spray evenly on the leaves during the growing season to help control Anthracnose on avocado.", "frequency": "Apply every 7-10 days for 2-3 applications or as needed based on disease pressure.", "caution": "Avoid spraying during the hottest part of the day to prevent leaf damage.", "match_score": 1.0, "source": "db"}, {"product_id": "AF0002", "name": "Onion-Ginger-Garlic Bacteria Clear", "product_type": "Assisted growth", "ingredients": "Effective bacterial strains: Bacillus subtilis, Bacillus lateralis, Bacillus licheniformis, Bacillus mucilaginosus, Bacillus amyloliquefaciens", "spec": "50g/500g", "how_to_use": "Dilute Onion-Ginger-Garlic Bacteria Clear 1000 times (1 gram per 1 pound of water) and spray evenly on the leaves during the growing season to assist in controlling Anthracnose on avocado.", "frequency": "Apply every 7-10 days for 2-3 applications or as needed based on disease pressure.", "caution": "Do not apply before rain to avoid washing off the treatment.", "match_score": 1.0, "source": "db"}, {"product_id": "AF0003", "name": "Rice Bacteria Clear", "product_type": "Assisted growth", "ingredients": "Effective bacterial strains: Bacillus subtilis, Bacillus lateralis, Bacillus licheniformis, Bacillus mucilaginosus, Bacillus amyloliquefaciens", "spec": "50g/500g", "how_to_use": "Dilute Rice Bacteria Clear 1000 times (1 gram per 1 pound of water) and spray evenly on the leaves during the growing season to help manage Anthracnose on avocado.", "frequency": "Apply every 7-10 days for 2-3 applications or as needed based on disease pressure.", "caution": "Use protective gear when spraying to avoid inhalation or skin contact.", "match_score": 1.0, "source": "db"}]
bfa9a89b-84de-4405-a7a3-292578205e73	1830b0b7-3035-49d6-9200-6ee32b9b2bf9	2026-06-19 11:45:33.528639	lemon	blue mold	harvested fruit	85%	fungal	fast	Medium	["blue-green fuzzy mold", "fruit decay", "discoloration on skin"]	The image shows harvested lemons with visible blue-green fuzzy mold, typical of blue mold disease caused by Penicillium species. The presence of the mold on fruit surfaces indicates post-harvest infection.	diseased	blue mold — fungal pathogen	The harvested lemons show visible blue-green fuzzy mold, fruit decay, and discoloration on the skin, which are typical symptoms of blue mold disease caused by fungal infection. This indicates a post-harvest infection affecting the fruit quality.	["Carefully remove and discard all infected lemons to prevent spread.", "Store harvested lemons in a cool, dry, and well-ventilated area to slow mold growth.", "Apply fungicidal treatments as described below to control fungal development.", "Avoid handling fruit when wet to reduce infection risk.", "Monitor stored fruit regularly and remove any new infected fruit immediately."]	["Harvest lemons carefully to avoid wounds that facilitate fungal infection.", "Ensure proper ventilation and low humidity in storage areas to inhibit mold growth.", "Regularly inspect stored fruit and promptly remove any showing signs of mold."]	[{"product_id": "PN0034", "name": "1.8% Xingjunamine Acetate", "product_type": "pesticide", "ingredients": "Active ingredient: Oxyphenidyl 1.26%", "spec": "200g/500g/1000g", "how_to_use": "Dilute 50 grams of product with 30 jin of water. Apply as a spray on harvested lemons showing early signs of blue mold to reduce fungal growth. Avoid application during midday heat; apply before 10:00 AM or after 1:00 PM.", "frequency": "Apply 2-3 times consecutively with 7-10 days interval between applications.", "caution": "Do not exceed 3 applications per season and maintain a 7-day safe interval.", "match_score": 0.3378, "source": "rag"}, {"product_id": "PN0002", "name": "Pyraclostrobin (Kairun)", "product_type": "pesticide", "ingredients": "Active ingredient: Pyraclostrobin 250 g/L", "spec": "100 grams", "how_to_use": "Mix 10 grams of product with 30 jin of water and spray evenly on harvested lemons to inhibit fungal growth and reduce blue mold severity.", "frequency": "Apply as needed, monitoring fruit condition closely; repeat applications may be necessary depending on infection pressure.", "caution": "Avoid overuse to prevent resistance development; follow label instructions carefully.", "match_score": 0.296, "source": "rag"}, {"product_id": "PN0029", "name": "6% Kasugamycin", "product_type": "pesticide", "ingredients": "Active ingredient: Kasugamycin 6%", "spec": "500 grams", "how_to_use": "Although primarily for rice blast, this product can be used cautiously by diluting 45 grams with 30 jin of water and spraying on lemons to provide additional fungal control support.", "frequency": "Apply once every 7-10 days, for 2-3 consecutive applications if needed.", "caution": "Use only if other products are insufficient; monitor for phytotoxicity on lemon fruit.", "match_score": 0.2246, "source": "rag"}]
7424f49e-9ce7-4ab5-a042-6e419c1ca5b0	1830b0b7-3035-49d6-9200-6ee32b9b2bf9	2026-06-19 11:46:12.529078	rose	black spot	mature leaves stage	85%	fungal	fast	Medium	["black spots on leaves", "yellowing leaf tissue around spots", "irregular shaped leaf lesions"]	The leaves show characteristic black spots with irregular edges and yellowing around the spots, typical of black spot disease in roses.	diseased	Alternaria / Diplocarpon spp. — fungal	The rose leaves show medium severity black spot disease characterized by black spots with irregular edges and yellowing tissue around the spots. These symptoms indicate a fungal infection typical of black spot disease in roses.	["Remove and destroy all infected leaves to reduce fungal spores.", "Spray the rose plants thoroughly with Garden Full Clear diluted 1000 times to promote plant health and resistance.", "Apply Universal Fungicide Liquid directly without dilution to kill the fungal pathogen.", "Repeat treatments every 7 days for 2-3 applications or until symptoms improve.", "Ensure good air circulation around plants by pruning and spacing to reduce humidity."]	["Water roses early in the day to allow leaves to dry quickly and reduce fungal growth.", "Maintain good garden hygiene by removing fallen leaves and debris regularly.", "Ensure proper spacing and pruning to improve air circulation around plants."]	[{"product_id": "AF0010", "name": "Garden Full Clear", "product_type": "Assisted growth", "ingredients": "Effective bacterial strains: Bacillus subtilis, Bacillus brevis, Bacillus licheniformis, Bacillus mucilaginosa, Bacillus amyloliquefaciens; effective viable count \\u2265 200 million/ml", "spec": "50g/100g/500g", "how_to_use": "Dilute the solution 1000 times (e.g., 1 gram in 1 pound of water) and spray evenly on the rose leaves during the growing season to enhance plant resistance against black spot.", "frequency": "Apply every 7 days for 2-3 applications or as needed based on symptom severity.", "caution": "Avoid spraying during the hottest part of the day to prevent leaf burn.", "match_score": 1.0, "source": "db"}, {"product_id": "AF0035", "name": "Universal Fungicide Liquid", "product_type": "Assisted growth", "ingredients": "", "spec": "500 grams", "how_to_use": "Use directly without dilution and spray evenly on all infected leaves and stems to control the fungal pathogen causing black spot.", "frequency": "Apply every 7 days for 2-3 applications or until disease symptoms subside.", "caution": "Wear protective gloves and avoid inhaling spray mist to reduce health risks.", "match_score": 1.0, "source": "db"}]
32298baf-0339-422b-9c32-077c84956ccb	1830b0b7-3035-49d6-9200-6ee32b9b2bf9	2026-06-19 11:52:41.871839	rose	Black Spot	mature	85%	fungal	fast	Medium	["black circular spots on leaves", "yellowing around spots", "leaf drop"]	The image shows characteristic black circular spots with fringed edges on rose leaves, typical of the fungal disease Black Spot.	diseased	Alternaria / Diplocarpon spp. — fungal	The rose leaves show black circular spots with fringed edges and yellow halos around them, which are typical symptoms of Black Spot disease. These symptoms cause leaf yellowing and eventual leaf drop, affecting the plant's health and appearance.	["Remove and destroy all infected leaves and plant debris around the rose plants to reduce fungal spores.", "Spray the rose plants thoroughly with Garden Full Clear diluted 1000 times to promote plant health and resistance.", "Apply Universal Fungicide Liquid directly without dilution to control the fungal infection effectively.", "Repeat the applications as recommended to ensure the disease is controlled and new infections are prevented.", "Monitor the plants regularly for any new symptoms and act quickly if the disease reappears."]	["Ensure good air circulation around rose plants by proper spacing and pruning to reduce humidity.", "Water plants early in the day to allow leaves to dry before evening, minimizing fungal growth conditions.", "Regularly inspect plants for early signs of disease and promptly remove affected leaves to prevent spread."]	[{"product_id": "AF0010", "name": "Garden Full Clear", "product_type": "Assisted growth", "ingredients": "Effective bacterial strains: Bacillus subtilis, Bacillus brevis, Bacillus licheniformis, Bacillus mucilaginosa, Bacillus amyloliquefaciens; effective viable count \\u2265 200 million/ml", "spec": "50g/100g/500g", "how_to_use": "Dilute Garden Full Clear 1000 times by mixing 1 gram of product in 1 pound of water and spray evenly on rose leaves during the growing season.", "frequency": "Apply every 7-10 days for 2-3 applications depending on disease pressure and plant condition.", "caution": "Avoid spraying in direct sunlight to prevent leaf burn and always follow local guidelines for bacterial product use.", "match_score": 1.0, "source": "db"}, {"product_id": "AF0035", "name": "Universal Fungicide Liquid", "product_type": "Assisted growth", "ingredients": "", "spec": "500 grams", "how_to_use": "Use Universal Fungicide Liquid directly without dilution and spray evenly on all rose leaves showing symptoms of Black Spot.", "frequency": "Apply every 7 days for 2-3 applications or until symptoms subside.", "caution": "Wear protective gloves and avoid inhaling spray mist to reduce health risks.", "match_score": 1.0, "source": "db"}]
18e8aa08-75bc-4701-951f-fed67f20008d	1830b0b7-3035-49d6-9200-6ee32b9b2bf9	2026-06-19 12:03:36.453304	rose	Black Spot	leaf development	85%	fungal	fast	Medium	["black circular spots on leaves", "yellowing around spots", "leaf tissue damage"]	The image shows rose leaves with black circular spots that have distinct edges and some yellowing around the spots, typical symptoms of Black Spot disease in roses.	diseased	Alternaria / Diplocarpon spp. — fungal	The rose leaves show black circular spots with distinct edges and yellowing around the spots, which are typical symptoms of Black Spot disease. This fungal infection causes leaf tissue damage and can reduce the plant's vigor if untreated.	["Remove and destroy all infected leaves to reduce the spread of the fungus.", "Spray the rose plants evenly with Garden Full Clear diluted 1000 times during the growing season to promote plant health and resistance.", "Apply Universal Fungicide Liquid directly without dilution to control the fungal infection effectively.", "Repeat the applications according to the recommended frequency to ensure thorough disease control.", "Monitor the plants regularly for new symptoms and reapply treatments if necessary."]	["Ensure good air circulation around rose plants by proper spacing and pruning.", "Water plants early in the day to allow leaves to dry quickly and reduce fungal growth.", "Regularly inspect plants and promptly remove any infected leaves to minimize disease spread."]	[{"product_id": "AF0010", "name": "Garden Full Clear", "product_type": "Assisted growth", "ingredients": "Effective bacterial strains: Bacillus subtilis, Bacillus brevis, Bacillus licheniformis, Bacillus mucilaginosa, Bacillus amyloliquefaciens; effective viable count \\u2265 200 million/ml", "spec": "50g/100g/500g", "how_to_use": "Dilute Garden Full Clear 1000 times (1 gram per 1 pound of water) and spray evenly on rose leaves during the growing season to boost plant health and resistance against Black Spot.", "frequency": "Apply every 7-10 days for 3-4 applications depending on disease pressure and plant response.", "caution": "Avoid excessive use to prevent microbial imbalance; follow dilution instructions carefully.", "match_score": 1.0, "source": "db"}, {"product_id": "AF0035", "name": "Universal Fungicide Liquid", "product_type": "Assisted growth", "ingredients": "", "spec": "500 grams", "how_to_use": "Apply Universal Fungicide Liquid directly without dilution on infected rose leaves to control Black Spot fungus.", "frequency": "Apply every 7-10 days for 2-3 applications or until symptoms subside.", "caution": "Use protective gloves and avoid spraying during windy conditions to prevent drift.", "match_score": 1.0, "source": "db"}]
d346231a-02a9-466d-b05e-9b2d1d144e9f	1830b0b7-3035-49d6-9200-6ee32b9b2bf9	2026-06-19 12:43:46.893195	rose	black spot	mature	85%	fungal	fast	Medium	["black spots", "yellowing around spots", "leaf tissue damage"]	The leaf pattern, shape, and presence of irregular black spots surrounded by yellowing tissue are characteristic of black spot disease commonly affecting rose plants.	diseased	Alternaria / Diplocarpon spp. — fungal	The rose leaves show characteristic black spots with yellow halos and damaged leaf tissue, which are typical symptoms of black spot disease caused by a fungal infection. These visible signs indicate a medium severity level of infection.	["Remove and dispose of all infected leaves and plant debris to reduce fungal spores.", "Spray the plants thoroughly with Garden Full Clear diluted 1000 times to promote plant health and support natural resistance.", "Apply Universal Fungicide Liquid directly without dilution to control the fungal infection effectively.", "Repeat the applications as recommended to ensure the disease is controlled and does not spread further.", "Monitor the plants regularly for new symptoms and continue treatment if necessary."]	["Ensure good air circulation around rose plants by proper spacing and pruning.", "Water plants at the base to avoid wetting leaves, which favors fungal growth.", "Regularly inspect plants and promptly remove any infected leaves to prevent spread."]	[{"product_id": "AF0010", "name": "Garden Full Clear", "product_type": "Assisted growth", "ingredients": "Effective bacterial strains: Bacillus subtilis, Bacillus brevis, Bacillus licheniformis, Bacillus mucilaginosa, Bacillus amyloliquefaciens; effective viable count \\u2265 200 million/ml", "spec": "50g/100g/500g", "how_to_use": "Dilute Garden Full Clear 1000 times (1 gram per 1 pound of water) and spray evenly on rose leaves during the growing season to support plant health and resistance against black spot.", "frequency": "Apply every 7-10 days for 3-4 applications or as needed based on disease pressure.", "caution": "Avoid spraying in direct sunlight to prevent leaf burn and always follow local guidelines for biological product use.", "match_score": 1.0, "source": "db", "price": null}, {"product_id": "AF0035", "name": "Universal Fungicide Liquid", "product_type": "Assisted growth", "ingredients": "", "spec": "500 grams", "how_to_use": "Apply Universal Fungicide Liquid directly without dilution to the affected rose leaves to control black spot fungal infection.", "frequency": "Apply every 7 days for 2-3 applications or until symptoms subside.", "caution": "Use protective gloves and avoid inhalation during application to reduce health risks.", "match_score": 1.0, "source": "db", "price": null}]
ff639b06-1223-456c-89db-bda6c58eddc6	\N	2026-06-20 13:08:55.761007	tomato	Blossom End Rot	fruiting	85%	nutrient deficiency	slow	Medium	["sunken dark lesion", "leathery texture", "affected fruit tissue near blossom end"]	The tomato fruit shows a characteristic sunken, dark, leathery lesion on the blossom end, consistent with Blossom End Rot, a common physiological disorder in tomatoes due to calcium deficiency.	diseased	Blossom End Rot — nutrient deficiency	The tomato fruit shows a characteristic sunken, dark, leathery lesion on the blossom end, which is typical of Blossom End Rot, a physiological disorder caused by calcium deficiency. The affected fruit tissue near the blossom end appears sunken and leathery.	["Ensure consistent watering to avoid calcium uptake disruption.", "Apply calcium-containing foliar sprays or soil amendments to improve calcium availability.", "Avoid excessive nitrogen fertilization which can inhibit calcium uptake.", "Mulch around plants to maintain soil moisture and temperature.", "Remove and destroy affected fruits to reduce secondary infections."]	["Maintain consistent soil moisture to facilitate calcium uptake.", "Use balanced fertilization avoiding excess nitrogen.", "Apply calcium-containing fertilizers or foliar sprays during fruit development."]	[{"product_id": "PN0002", "name": "Pyraclostrobin (Kairun)", "product_type": "pesticide", "ingredients": "Active ingredient: Pyraclostrobin 250 g/L", "spec": "100 grams", "how_to_use": "Although Pyraclostrobin is a pesticide and not directly effective against Blossom End Rot, it can be used to protect the plant from fungal diseases while managing overall plant health. Mix 10 grams with 30 jin of water and spray evenly on tomato plants.", "frequency": "Apply as needed to prevent fungal diseases, not specifically for Blossom End Rot.", "caution": "Do not exceed recommended dosage to avoid phytotoxicity.", "match_score": 0.5134, "source": "rag", "price": null}, {"product_id": "PN0029", "name": "6% Kasugamycin", "product_type": "pesticide", "ingredients": "Active ingredient: Kasugamycin 6%", "spec": "500 grams", "how_to_use": "Kasugamycin targets bacterial and fungal diseases and is not effective against Blossom End Rot. No direct application is recommended for this disorder on tomato.", "frequency": "Not applicable for Blossom End Rot treatment.", "caution": "Use only for indicated diseases to prevent resistance development.", "match_score": 0.4842, "source": "rag", "price": null}, {"product_id": "PN0007", "name": "3% Metalaxyl-Hymexazol", "product_type": "pesticide", "ingredients": "Active ingredients: Hymexazol 2.5%, Metalaxyl 0.5%; Total active ingredients: Metalaxyl-M 3% (Active ingredients and their contents: Hymexazol 2.5%, Metalaxyl 0.5%)", "spec": "1000g/500g/100g", "how_to_use": "This product is used for damping-off disease control and does not treat Blossom End Rot. No application is recommended for Blossom End Rot on tomato.", "frequency": "Not applicable for Blossom End Rot treatment.", "caution": "Apply only as directed for target diseases to avoid resistance.", "match_score": 0.4256, "source": "rag", "price": null}]
868879ad-97bb-4beb-9df7-faa2a41cce61	33b17e26-5b7d-47b4-9d3f-50e9e1ae1e04	2026-06-20 13:11:40.74538	tomato	Blossom End Rot	fruiting	85%	nutrient deficiency	moderate	Medium	["sunken dark lesion on fruit", "leathery texture at lesion", "fruit discoloration near blossom end"]	The fruit shows typical symptoms of Blossom End Rot with a sunken, dark leathery patch at the blossom end of the tomato. The tomato plant leaves and structure confirm it is a tomato plant at the fruiting stage.	diseased	Blossom End Rot — nutrient deficiency	The tomato fruit shows typical symptoms of Blossom End Rot, including a sunken dark lesion with a leathery texture at the blossom end, and discoloration near this area. The plant is at the fruiting stage, confirming the diagnosis of this nutrient deficiency disorder.	["Ensure consistent watering to avoid fluctuations in soil moisture, which can worsen Blossom End Rot.", "Apply calcium-containing fertilizers or foliar sprays to supply calcium directly to the plant.", "Avoid excessive nitrogen fertilization as it can inhibit calcium uptake.", "Mulch around the base of the plant to retain soil moisture and regulate temperature.", "Remove affected fruits to prevent secondary infections and focus plant energy on healthy fruit development."]	["Maintain consistent soil moisture by regular watering and mulching.", "Ensure adequate calcium availability in the soil through soil testing and amendments.", "Avoid excessive nitrogen fertilization to promote balanced nutrient uptake."]	[{"product_id": "PN0002", "name": "Pyraclostrobin (Kairun)", "product_type": "pesticide", "ingredients": "Active ingredient: Pyraclostrobin 250 g/L", "spec": "100 grams", "how_to_use": "Although Pyraclostrobin is a pesticide and not directly effective against Blossom End Rot, if fungal diseases appear secondary to the condition, mix 10 grams with 30 jin of water and spray evenly on the plants.", "frequency": "Use only if fungal infections are observed; follow label instructions for frequency.", "caution": "Do not overuse to prevent resistance; follow recommended dosages.", "match_score": 0.5134, "source": "rag", "price": null}, {"product_id": "PN0029", "name": "6% Kasugamycin", "product_type": "pesticide", "ingredients": "Active ingredient: Kasugamycin 6%", "spec": "500 grams", "how_to_use": "Kasugamycin targets bacterial and fungal diseases unrelated to Blossom End Rot; it is not recommended for this condition but can be used if other diseases are diagnosed.", "frequency": "Apply only if target diseases appear, every 7-10 days for 2-3 applications as per label.", "caution": "Avoid unnecessary applications to prevent resistance development.", "match_score": 0.4842, "source": "rag", "price": null}, {"product_id": "PN0007", "name": "3% Metalaxyl-Hymexazol", "product_type": "pesticide", "ingredients": "Active ingredients: Hymexazol 2.5%, Metalaxyl 0.5%; Total active ingredients: Metalaxyl-M 3% (Active ingredients and their contents: Hymexazol 2.5%, Metalaxyl 0.5%)", "spec": "1000g/500g/100g", "how_to_use": "Metalaxyl-Hymexazol is for damping-off disease in rice and is not effective for Blossom End Rot in tomatoes; no application recommended for this condition.", "frequency": "Not applicable for Blossom End Rot.", "caution": "Use only on labeled crops and diseases to avoid crop damage and resistance.", "match_score": 0.4256, "source": "rag", "price": null}]
244146ad-68a5-4282-b8da-530c29cb4177	33b17e26-5b7d-47b4-9d3f-50e9e1ae1e04	2026-06-20 13:21:06.126765	tomato	Blossom End Rot	fruiting	90%	nutrient deficiency	slow	Medium	["sunken dark lesion on fruit", "leathery texture in affected area", "fruit cracking around lesion"]	The tomato fruit shows a characteristic sunken, dark, leathery area at the blossom end which matches typical symptoms of Blossom End Rot, a common physiological disorder due to calcium deficiency.	diseased	Blossom End Rot — nutrient deficiency	The tomato fruit shows a sunken, dark, leathery lesion at the blossom end with fruit cracking around the lesion, which are typical symptoms of Blossom End Rot caused by calcium deficiency.	["Ensure consistent watering to avoid fluctuations in soil moisture.", "Apply calcium-containing foliar sprays or soil amendments to improve calcium availability.", "Mulch around plants to conserve soil moisture and reduce stress.", "Avoid excessive nitrogen fertilization which can inhibit calcium uptake.", "Remove affected fruits to reduce plant stress and improve overall fruit quality."]	["Maintain even soil moisture through regular irrigation.", "Apply balanced fertilizers with adequate calcium content.", "Avoid over-fertilizing with nitrogen to prevent calcium uptake interference."]	[{"product_id": "PN0002", "name": "Pyraclostrobin (Kairun)", "product_type": "pesticide", "ingredients": "Active ingredient: Pyraclostrobin 250 g/L", "spec": "100 grams", "how_to_use": "Not effective for Blossom End Rot as it is a physiological disorder, avoid use for this condition.", "frequency": "Not applicable", "caution": "Use only for fungal diseases; do not apply for nutrient deficiency disorders.", "match_score": 0.5134, "source": "rag", "price": null}, {"product_id": "PN0029", "name": "6% Kasugamycin", "product_type": "pesticide", "ingredients": "Active ingredient: Kasugamycin 6%", "spec": "500 grams", "how_to_use": "Not recommended for Blossom End Rot as it targets bacterial and fungal diseases, not nutrient deficiencies.", "frequency": "Not applicable", "caution": "Avoid unnecessary use to prevent resistance development.", "match_score": 0.4842, "source": "rag", "price": null}, {"product_id": "PN0007", "name": "3% Metalaxyl-Hymexazol", "product_type": "pesticide", "ingredients": "Active ingredients: Hymexazol 2.5%, Metalaxyl 0.5%; Total active ingredients: Metalaxyl-M 3% (Active ingredients and their contents: Hymexazol 2.5%, Metalaxyl 0.5%)", "spec": "1000g/500g/100g", "how_to_use": "Not suitable for Blossom End Rot treatment; it controls fungal diseases and does not address calcium deficiency.", "frequency": "Not applicable", "caution": "Use only as directed for fungal disease control to avoid resistance.", "match_score": 0.4256, "source": "rag", "price": null}]
\.


--
-- Data for Name: disease_products; Type: TABLE DATA; Schema: public; Owner: postgres
--

COPY public.disease_products (disease_id, product_id) FROM stdin;
downy-mildew	AF0001
gray-mold	AF0001
anthracnose	AF0001
leaf-spot	AF0001
wilt	AF0001
damping-off	AF0001
soft-rot	AF0001
root-rot	AF0001
purple-blotch	AF0001
downy-mildew	AF0002
gray-mold	AF0002
anthracnose	AF0002
leaf-spot	AF0002
wilt	AF0002
damping-off	AF0002
soft-rot	AF0002
root-rot	AF0002
purple-blotch	AF0002
powdery-mildew	AF0003
downy-mildew	AF0003
anthracnose	AF0003
wilt	AF0003
damping-off	AF0003
root-rot	AF0003
downy-mildew	AF0004
soft-rot	AF0004
root-rot	AF0004
downy-mildew	AF0005
gray-mold	AF0005
anthracnose	AF0005
leaf-spot	AF0005
wilt	AF0005
damping-off	AF0005
soft-rot	AF0005
root-rot	AF0005
purple-blotch	AF0005
powdery-mildew	AF0006
downy-mildew	AF0006
gray-mold	AF0006
anthracnose	AF0006
leaf-spot	AF0006
wilt	AF0006
damping-off	AF0006
soft-rot	AF0006
root-rot	AF0006
powdery-mildew	AF0007
downy-mildew	AF0007
gray-mold	AF0007
anthracnose	AF0007
leaf-spot	AF0007
wilt	AF0007
damping-off	AF0007
soft-rot	AF0007
root-rot	AF0007
downy-mildew	AF0008
gray-mold	AF0008
anthracnose	AF0008
leaf-spot	AF0008
wilt	AF0008
damping-off	AF0008
soft-rot	AF0008
root-rot	AF0008
purple-blotch	AF0008
powdery-mildew	AF0009
downy-mildew	AF0009
gray-mold	AF0009
anthracnose	AF0009
leaf-spot	AF0009
wilt	AF0009
damping-off	AF0009
soft-rot	AF0009
root-rot	AF0009
black-spot	AF0010
spider-mites	AF0010
aphids	AF0010
powdery-mildew	AF0011
downy-mildew	AF0011
anthracnose	AF0011
wilt	AF0011
damping-off	AF0011
root-rot	AF0011
wilt	AF0012
damping-off	AF0012
root-rot	AF0012
nematodes	AF0012
damping-off	AF0014
root-rot	AF0015
root-rot	AF0016
nematodes	AF0016
wilt	AF0021
root-rot	AF0025
root-rot	AF0026
root-rot	AF0027
wilt	AF0031
root-rot	AF0031
wilt	AF0034
root-rot	AF0034
powdery-mildew	AF0035
anthracnose	AF0035
leaf-spot	AF0035
rust	AF0035
black-spot	AF0035
spider-mites	AF0037
aphids	AF0037
whiteflies	AF0037
thrips	AF0037
spider-mites	AF0038
aphids	AF0038
whiteflies	AF0038
thrips	AF0038
spider-mites	AF0039
aphids	AF0039
whiteflies	AF0039
thrips	AF0039
root-rot	AF0040
spider-mites	AF0041
aphids	AF0041
whiteflies	AF0041
thrips	AF0041
powdery-mildew	PN0002
downy-mildew	PN0002
gray-mold	PN0002
anthracnose	PN0002
leaf-spot	PN0002
rust	PN0002
late-blight	PN0002
thrips	PN0003
aphids	PN0004
rust	PN0006
aphids	PN0006
thrips	PN0006
nematodes	PN0006
downy-mildew	PN0007
wilt	PN0007
damping-off	PN0007
root-rot	PN0007
downy-mildew	PN0008
wilt	PN0008
damping-off	PN0008
root-rot	PN0008
aphids	PN0009
thrips	PN0009
aphids	PN0011
spider-mites	PN0013
spider-mites	PN0014
powdery-mildew	PN0021
gray-mold	PN0021
anthracnose	PN0021
spider-mites	PN0021
aphids	PN0021
whiteflies	PN0021
aphids	PN0026
aphids	PN0028
whiteflies	PN0028
thrips	PN0028
anthracnose	PN0029
leaf-spot	PN0029
wilt	PN0029
scab	PN0029
leaf-mold	PN0029
rust	PN0033
aphids	PN0033
whiteflies	PN0033
powdery-mildew	PN0034
downy-mildew	PN0034
anthracnose	PN0034
leaf-spot	PN0034
soft-rot	PN0034
rust	PN0034
aphids	PN0041
root-rot	AF0042
spider-mites	AF0043
aphids	AF0043
whiteflies	AF0043
thrips	AF0043
spider-mites	AF0047
aphids	AF0047
whiteflies	AF0047
thrips	AF0047
root-rot	AF0048
gray-mold	AF0057
leaf-mold	AF0057
aphids	AF0058
whiteflies	AF0058
spider-mites	AF0061
aphids	AF0061
whiteflies	AF0061
thrips	AF0061
spider-mites	AF0062
aphids	AF0062
whiteflies	AF0062
thrips	AF0062
spider-mites	AF0063
aphids	AF0063
whiteflies	AF0063
thrips	AF0063
thrips	AF0064
spider-mites	AF0065
aphids	AF0065
whiteflies	AF0065
thrips	AF0065
\.


--
-- Data for Name: diseases; Type: TABLE DATA; Schema: public; Owner: postgres
--

COPY public.diseases (id, name, pathogen, description) FROM stdin;
anthracnose	anthracnose	\N	\N
aphids	aphids	\N	\N
black-spot	black spot	\N	\N
damping-off	damping-off	\N	\N
downy-mildew	downy mildew	\N	\N
gray-mold	gray mold	\N	\N
late-blight	late blight	\N	\N
leaf-mold	leaf mold	\N	\N
leaf-spot	leaf spot	\N	\N
nematodes	nematodes	\N	\N
powdery-mildew	powdery mildew	\N	\N
purple-blotch	purple blotch	\N	\N
root-rot	root rot	\N	\N
rust	rust	\N	\N
scab	scab	\N	\N
soft-rot	soft rot	\N	\N
spider-mites	spider mites	\N	\N
thrips	thrips	\N	\N
whiteflies	whiteflies	\N	\N
wilt	wilt	\N	\N
\.


--
-- Data for Name: products; Type: TABLE DATA; Schema: public; Owner: postgres
--

COPY public.products (product_id, name, product_type, crops, ingredients, usage, dilution, spec, price) FROM stdin;
AF0001	Citrus Bacteria Clear	Assisted growth	Registered crop: Chili pepper. Practice has shown significant effects on a variety of crops including citrus, vegetables, fruit trees, melons, field crops, medicinal herbs, flowers, seedlings, and tea trees.	Effective bacterial strains: Bacillus subtilis, Bacillus brevis, Bacillus licheniformis, Bacillus mucilaginosa, Bacillus amyloliquefaciens; effective viable count ≥ 200 million/ml	Dilute the solution 1000 times during the crop's growing season and spray it evenly on the leaves. The dosage and frequency of application can be adjusted according to local crop growth conditions and fertilization habits.	gram to 1 pound of water	50g/500g	127.63
AF0002	Onion-Ginger-Garlic Bacteria Clear	Assisted growth	Registered crop: Chili pepper. Practice has shown significant effects on a variety of crops including scallions, ginger, garlic, vegetables, fruit trees, melons, field crops, medicinal herbs, flowers, seedlings, and tea trees.	Effective bacterial strains: Bacillus subtilis, Bacillus lateralis, Bacillus licheniformis, Bacillus mucilaginosus, Bacillus amyloliquefaciens	Dilute the solution 1000 times during the crop's growing season and spray it evenly on the leaves. The dosage and frequency of application can be adjusted according to local crop growth conditions and fertilization habits.	gram to 1 pound of water	50g/500g	17.08
AF0003	Rice Bacteria Clear	Assisted growth	Registered crop: Chili pepper. Practice has shown significant effects on a variety of crops including rice, vegetables, fruit trees, melons, field crops, medicinal herbs, flowers, seedlings, and tea trees.	Effective bacterial strains: Bacillus subtilis, Bacillus lateralis, Bacillus licheniformis, Bacillus mucilaginosus, Bacillus amyloliquefaciens	Dilute the solution 1000 times during the crop's growing season and spray it evenly on the leaves. The dosage and frequency of application can be adjusted according to local crop growth conditions and fertilization habits.	gram to 1 pound of water	50g/500g	23.62
AF0004	Cabbage & Kale Anti-rot Head-forming Agent	Assisted growth	Fruit trees, field crops, melons and fruits, vegetables such as tomatoes and peppers, cotton, garlic, leafy vegetables, ginger, radishes, tobacco, Sichuan pepper, potatoes and sweet potatoes, medicinal herbs, tea, etc.	Product Type: Functional Fertilizer Containing Micronutrients		1 gram to 1 pound of water	50g/500g	180.99
AF0005	Strawberry Bacteria Clear	Assisted growth	Registered crop: Chili pepper. Practice has shown significant effects on a variety of crops including strawberries, vegetables, fruit trees, melons, field crops, medicinal herbs, flowers, seedlings, and tea trees.	Effective bacterial strains: Bacillus subtilis, Bacillus lateralis, Bacillus licheniformis, Bacillus mucilaginosus, Bacillus amyloliquefaciens	Dilute the solution 1000 times during the crop's growing season and spray it evenly on the leaves. The dosage and frequency of application can be adjusted according to local crop growth conditions and fertilization habits.	gram to 1 pound of water	50g/100g/500g	166.73
AF0006	Bacteria Clear (Universal)	Assisted growth	Registered crop: Chili pepper. Practice has shown significant effects on a variety of crops including vegetables, fruit trees, melons, field crops, medicinal herbs, flowers, seedlings, and tea trees.	Effective bacterial strains: Bacillus subtilis, Bacillus lateralis, Bacillus licheniformis, Bacillus mucilaginosus, Bacillus amyloliquefaciens	Dilute the solution 1000 times during the crop's growing season and spray it evenly on the leaves. The dosage and frequency of application can be adjusted according to local crop growth conditions and fertilization habits.	gram to 1 pound of water	50g/100g/500g	30.11
AF0007	Chili Pepper Bacteria Clear	Assisted growth	Registered crop: Chili pepper. Practice has shown significant effects on a variety of crops including vegetables, fruit trees, melons, field crops, medicinal herbs, flowers, seedlings, and tea trees.	Effective bacterial strains: Bacillus subtilis, Bacillus brevis, Bacillus licheniformis, Bacillus mucilaginosa, Bacillus amyloliquefaciens; effective viable count ≥ 200 million/ml	Dilute the solution 1000 times during the crop's growing season and spray it evenly on the leaves. The dosage and frequency of application can be adjusted according to local crop growth conditions and fertilization habits.	gram to 1 pound of water	50g/100g/500g	63.2
AF0008	Cucumber Bacteria Clear	Assisted growth	Registered crop: Chili pepper. Practice has shown significant effects on a variety of crops including cucumber, vegetables, fruit trees, melons, field crops, medicinal herbs, flowers, seedlings, and tea trees.	Effective bacterial strains: Bacillus subtilis, Bacillus brevis, Bacillus licheniformis, Bacillus mucilaginosa, Bacillus amyloliquefaciens; effective viable count ≥ 200 million/ml	Dilute the solution 1000 times during the crop's growing season and spray it evenly on the leaves. The dosage and frequency of application can be adjusted according to local crop growth conditions and fertilization habits.	gram to 1 pound of water	50g/100g/500g	28.89
AF0009	Bacteria Clear (Sachet)	Assisted growth	Registered crop: Chili pepper. Practice has shown significant effects on a variety of crops including vegetables, fruit trees, melons, field crops, medicinal herbs, flowers, seedlings, and tea trees.	Effective live bacteria count ≥ 200 million/ml	Dilute the solution 1000 times during the crop's growing season and spray it evenly on the leaves. The dosage and frequency of application can be adjusted according to local crop growth conditions and fertilization habits.	gram to 1 pound of water	30 grams	209.81
AF0010	Garden Full Clear	Assisted growth	Registered crop: Chili pepper. Practice has shown significant effects on a variety of crops including vegetables, fruit trees, melons, field crops, medicinal herbs, flowers, seedlings, and tea trees.	Effective bacterial strains: Bacillus subtilis, Bacillus brevis, Bacillus licheniformis, Bacillus mucilaginosa, Bacillus amyloliquefaciens; effective viable count ≥ 200 million/ml	Dilute the solution 1000 times during the crop's growing season and spray it evenly on the leaves. The dosage and frequency of application can be adjusted according to local crop growth conditions and fertilization habits.	gram to 1 pound of water	50g/100g/500g	104.94
AF0011	Rapeseed Bacteria Clear	Assisted growth	Registered crop: Chili pepper. Practice has shown significant effects on a variety of crops including rapeseed, vegetables, fruit trees, melons, field crops, medicinal herbs, flowers, seedlings, and tea trees.	Effective bacterial strains: Bacillus subtilis, Bacillus brevis, Bacillus licheniformis, Bacillus mucilaginosa, Bacillus amyloliquefaciens; effective viable count ≥ 200 million/ml	Dilute the solution 1000 times during the crop's growing season and spray it evenly on the leaves. The dosage and frequency of application can be adjusted according to local crop growth conditions and fertilization habits.	gram to 1 pound of water	50g/500g	161.37
AF0026	Eggplant No.1	Assisted growth	Fruit trees, field crops, melons and fruits, vegetables such as tomatoes and peppers, cotton, garlic, leafy vegetables, ginger, radishes, tobacco, Sichuan pepper, potatoes and sweet potatoes, medicinal herbs, tea, etc.			1 gram to 1 pound of water	30g/500g	114.75
AF0012	Root Nematode Clear (Microbial Agent)	Assisted growth	Registered crop: Chili pepper. Practice has shown significant effects in protecting crop roots and controlling root-knot nematodes (general).	Effective bacterial strains: Bacillus subtilis, Bacillus lateralis, Bacillus licheniformis, Bacillus mucilaginosus, Bacillus amyloliquefaciens	Dilute the solution 1000 times during the crop's growing season and spray it evenly on the leaves. The dosage and frequency of application can be adjusted according to local crop growth conditions and fertilization habits.	gram to 1 pound of water	50g/500g	113.35
AF0013	Citrus Water-Soluble Fertilizer	Assisted growth	Fruit trees, field crops, melons and fruits, vegetables such as tomatoes and peppers, cotton, garlic, leafy vegetables, ginger, radishes, tobacco, Sichuan pepper, potatoes and sweet potatoes, medicinal herbs, tea, etc.	Main technical indicators: Ca 100g/L	Dilute this product 800-1000 times with water. For melons: Dilute 500 times and spray 2-3 times consecutively, with an interval of 10-15 days. For fertigation and drip irrigation: Dilute 5000-10000 times. Medium-element water-soluble fertilizer, citrus-specific. Main technical indicators: Ca 100g/L. Product form: Aqueous solution. Registration number: ZLSRZJ2023-00068	gram to 1 pound of water	30g/500g	97.79
AF0014	Cabbage & Kale Water-Soluble Fertilizer	Assisted growth	Fruit trees, field crops, melons and fruits, vegetables such as tomatoes and peppers, cotton, garlic, leafy vegetables, ginger, radishes, tobacco, Sichuan pepper, potatoes and sweet potatoes, medicinal herbs, tea, etc.			1 gram to 1 pound of water	30g/500g	27.14
AF0015	Onion-Ginger-Garlic Water-Soluble Fertilizer	Assisted growth	Fruit trees, field crops, melons and fruits, vegetables such as tomatoes and peppers, cotton, garlic, leafy vegetables, ginger, radishes, tobacco, Sichuan pepper, potatoes and sweet potatoes, medicinal herbs, tea, etc.	Product Type: Functional Fertilizer Containing Micronutrients		1 gram to 1 pound of water	30g/500g	223.71
AF0016	Vigorous Root Growth	Assisted growth	Fruit trees, melons and fruits, vegetables such as tomatoes and peppers, cotton, garlic, leafy greens, ginger, radishes, tobacco, Sichuan pepper, potatoes and sweet potatoes, medicinal herbs, tea, etc.	Product Type: Medium Element Water-Soluble Fertilizer	Dilute this product 800-1000 times with water. For melons: dilute 500 times and spray 2-3 times consecutively, with an interval of 10-15 days. For fertigation or drip irrigation: dilute 5000-10000 times. Medium-element water-soluble fertilizer for root development. Main water index: Ca2 100g. Product form: hydroponics.	gram to 1 pound of water	30g/200g/500g/1000g	42.1
AF0017	One Spray Green	Assisted growth	Field crops (wheat, corn, rice, etc.), fruit trees (apples, pears, peaches, citrus, etc.), vegetables (tomatoes, cucumbers, peppers, eggplants, etc.), and flowers and seedlings (roses, succulents, pothos, etc.).			1 gram to 1 pound of water	30g/200g/500g/1000g	21.27
AF0018	Melon Booster	Assisted growth	Fruit trees, field crops, melons and fruits (cucumbers, loofahs, pumpkins, winter melons, watermelons, etc.), vegetables such as tomatoes and peppers, cotton, garlic, leafy vegetables, ginger, radishes, medicinal herbs, tea, etc.	Main technical indicators: Ca≥100g/L	Dilute this product 800-1000 times with water. For melons and fruits: dilute 500 times and spray 2-3 times consecutively, with an interval of 10-15 days. For fertigation and drip irrigation: dilute 5000-10000 times.	gram to 1 pound of water	30g/500g	239.29
AF0019	Underground Root & Tuber Enlarger	Assisted growth	Fruit trees, melons and fruits, vegetables such as tomatoes and peppers, cotton, garlic, leafy greens, ginger, radishes, tobacco, Sichuan pepper, potatoes and sweet potatoes, medicinal herbs, tea, etc.	Main technical indicators: Ca≥100g/L	Dilute this product with water 800-1000 times. For cucurbits: dilute 500 times and spray 2-3 times consecutively, with an interval of 10-15 days. For fertigation or drip irrigation: dilute 5000-10000 times.	gram to 1 pound of water	30g/500g	35.58
AF0020	Sweet Potato Baby	Assisted growth	Rapeseed, peanuts, peaches, pears, mangoes, pineapples, oranges, apples, bananas, strawberries, blueberries, pomegranates, lemons, lychees, kiwis, dragon fruit, star fruit, mangosteens, cantaloupes, bottle gourds, cherry tomatoes, cucumbers, and green cucumbers, etc.	Main technical indicators: Ca≥100g/L	Dilute this product with water 800-1000 times. For cucurbits: dilute 500 times and spray 2-3 times consecutively, with an interval of 10-15 days. For fertigation or drip irrigation: dilute 5000-10000 times.	gram to 1 pound of water	30g/500g	96.06
AF0021	Anti-Freeze Liquid	Assisted growth	Fruit trees, vegetables, flowers, and cash crops, etc.	Main technical indicators: Ca≥100g/L	The optimal application time for this product is in late autumn, early winter, and during spring frosts, with better results when the temperature is between 10 and 15°C. Spray once every 7 days, for 2-3 consecutive applications. Apply 3-5 days before a cold snap, diluted to 150-200 times for spraying or 300-400 times for root drenching. This product should be sprayed before the leaves turn yellow. Overwintering: For cold-sensitive tree species such as fruit trees, seedlings, and transplanted ornamental trees, dilute and spray (400-600 times). For crops grown in greenhouses during winter, dilute and spray (800-1000 times).	gram to 1 pound of water	30g/500g	216.56
AF0022	Anti-Drop Fruit Setting Agent	Assisted growth	Rapeseed, peanuts, peaches, pears, mangoes, pineapples, apples, bananas, strawberries, blueberries, pomegranates, oranges, lemons, lychees, kiwis, dragon fruit, star fruit, mangosteens, cantaloupes, bottle gourds, cherry tomatoes, cucumbers, and green cucumbers, etc.	Main technical indicators: Ca≥100g/L	Dilute this product with water 800-1000 times. For cucurbits: dilute 500 times and spray 2-3 times consecutively, with an interval of 10-15 days. For fertigation or drip irrigation: dilute 5000-10000 times.	gram to 1 pound of water	30g/500g	84.16
AF0023	Golden Wheat	Assisted growth	Fruit trees, melons and fruits, vegetables such as tomatoes and peppers, cotton, garlic, leafy greens, ginger, radishes, tobacco, Sichuan pepper, potatoes and sweet potatoes, medicinal herbs, tea, etc.	Main technical indicators: Ca≥100g/L	Dilute this product with water 800-1000 times. For cucurbits: dilute 500 times and spray 2-3 times consecutively, with an interval of 10-15 days. For fertigation or drip irrigation: dilute 5000-10000 times.	gram to 1 pound of water	30g/500g	208.76
AF0024	Root Setting Water	Assisted growth	Fruit trees, field crops, melons and fruits, vegetables such as tomatoes and peppers, cotton, garlic, leafy vegetables, ginger, radishes, tobacco, Sichuan pepper, potatoes and sweet potatoes, medicinal herbs, tea, etc.	Product Type: Functional Fertilizer Containing Micronutrients		1 gram to 1 pound of water	30 grams	201.08
AF0025	Seedling Rapid Growth Liquid	Assisted growth	Fruit trees, melons and fruits, vegetables such as tomatoes and peppers, cotton, garlic, leafy greens, ginger, radishes, tobacco, Sichuan pepper, potatoes and sweet potatoes, medicinal herbs, tea, etc.	Main technical indicators: Ca≥100g/L	Dilute this product with water 800-1000 times. For cucurbits: dilute 500 times and spray 2-3 times consecutively, with an interval of 10-15 days. For fertigation or drip irrigation: dilute 5000-10000 times.	gram to 1 pound of water	30g/500g	242.09
AF0027	Hydroponic Treasure	Assisted growth	Hydroponic vegetables (lettuce, romaine lettuce, etc.), foliage plants (pothos, lucky bamboo, spider plant, etc.), flowering plants (water lilies, hyacinths, daffodils, etc.).	Product Type: Functional Fertilizer Containing Micronutrients		1 gram to 1 pound of water	30g/500g	69.81
AF0028	Root Explosion 999	Assisted growth	Fruit trees, melons and fruits, vegetables such as tomatoes and peppers, cotton, garlic, leafy greens, ginger, radishes, tobacco, Sichuan pepper, potatoes and sweet potatoes, medicinal herbs, tea, etc.	Product Type: Water-soluble Fertilizer Containing Macronutrients		1 gram to 1 pound of water	50g/500g	243.76
AF0029	Green Leaf Pioneer	Assisted growth	Field crops (wheat, corn, rice, etc.), fruit trees (apples, pears, peaches, citrus, etc.), and melons and fruits (watermelons, cantaloupes, etc.).			1 gram to 1 pound of water	50g/500g	25.3
AF0030	Flower & Fruit Promoter	Assisted growth	Rapeseed, peanuts, peaches, pears, mangoes, pineapples, apples, bananas, strawberries, blueberries, pomegranates, oranges, lemons, lychees, kiwis, dragon fruit, star fruit, mangosteens, cantaloupes, bottle gourds, cherry tomatoes, cucumbers, and green cucumbers, etc.			1 gram to 1 pound of water	30g/500g	176.32
AF0031	Monopotassium Phosphate (MKP)	Assisted growth	Field crops (wheat, corn, rice, etc.), fruit trees (apples, pears, peaches, citrus, etc.), melons and fruits (watermelons, cantaloupes, etc.), and flowers and seedlings (roses, Chinese roses, chrysanthemums, orchids, etc.).	Product Type: Water-soluble Fertilizer Containing Macronutrients		gram to 1 pound of water	30g/500g	136.74
AF0033	Ready-to-Use Nutrient Solution	Assisted growth	Indoor and outdoor green plants and flowers	Product Type: Functional Fertilizer Containing Micronutrients	1. First, unscrew the cap and replace the nozzle. 2. When spraying, spray directly onto the leaves until the leaf surface is completely wet; avoid spraying the flowers. 3. Spray once every 7-10 days.	dilution-free	550 grams	232.69
AF0034	Plant Revival Liquid	Assisted growth	Home gardening: indoor and outdoor plants	Main components: amino acids, humic acid, trace elements, active enzymes	1. Shake well before use. No dilution required, can be sprayed directly. Avoid spraying during the midday heat. 2. When spraying, spray directly onto the leaves until the leaf surface is completely wet. Avoid spraying the flowers. 3. Spray once every 7-10 days.	dilution-free	100 grams	198.96
AF0035	Universal Fungicide Liquid	Assisted growth	Field crops (wheat, corn, rice, etc.), fruit trees (apples, pears, peaches, citrus, etc.), vegetables (tomatoes, cucumbers, peppers, eggplants, etc.), and flowers and seedlings (roses, succulents, pothos, etc.).			dilution-free	500 grams	231.29
AF0036	Plant Nutrient Solution	Assisted growth	Field crops (wheat, corn, rice, etc.), fruit trees (apples, pears, peaches, citrus, etc.), vegetables (tomatoes, cucumbers, peppers, eggplants, etc.), and flowers and seedlings (roses, succulents, pothos, etc.).	Product Type: Functional Fertilizer Containing Micronutrients		dilution-free	500 grams	249.46
AF0037	Vegetable Pest Repellent (Caichongling)	Assisted growth	Vegetables (used in conjunction with pesticides)	Product Ingredients: Plant essential oils, peppermint, borneol, lavender, fluoride ionized water. Specialized solvent. Improves absorption and utilization, enhances efficacy. Complies with standard Q/460JXM 001-2025.	It is recommended to dilute this product 5000-7000 times into the prepared solution, stir well, and then spray. If you need to further improve the efficacy or reduce the spray volume, you can appropriately increase the dosage of this product.	Dilute 5000-7000 times with the prepared solution, stir well, and then spray.	100g/500g	242.19
AF0038	Aphid & Whitefly Clear	Assisted growth	General purpose (suitable for various insecticides, fungicides, herbicides, foliar fertilizers, and plant growth regulators)	Main ingredients: Natural plant extracts (bio-based synergist)	It is recommended to dilute this product 5000-7000 times into the prepared solution, stir well, and then spray. If you need to further improve the efficacy or reduce the spray volume, you can appropriately increase the dosage of this product.	50 grams mixed with 30 jin of water	100g/500g	101.69
AF0039	Spider Mite Killer No.1	Assisted growth	Fruit trees, vegetables, etc. (Use in conjunction with acaricides to control red, yellow, and white spider mites and other pests).	Main ingredients: Extracts of traditional Chinese medicine	1. Dilute this product 800-1000 times before use (one capful is approximately equivalent to one sprayer of water; one 500g bottle is approximately equivalent to 400-500kg of water). Because this product has a high concentration, stir it thoroughly with water to create a layer of foam before spraying the leaves. Make sure to thoroughly spray both sides of the leaves and fruits to ensure the solution fully contacts the insects and eggs for optimal results. 2. When mixing with other pesticides, be sure to stir the water to create foam before spraying for double the effect.	50 grams mixed with 30 jin of water	100g/500g	85.5
AF0040	Tree-Bamboo-Grass Herbicide Adjuvant	Assisted growth	Trees, bamboo, grass, etc. (used in conjunction with herbicides)	Main component: ethoxylated modified polytrisiloxane	Dilute this product 1000 times, stir well, and then spray.	100 grams mixed with 30 jin of water	100 grams	9.59
AF0041	Root Nematode Clear (Adjuvant)	Assisted growth	General purpose (suitable for various insecticides, fungicides, herbicides, foliar fertilizers, and plant growth regulators)	Product ingredients: Plant essential oils, peppermint, borneol, lavender, and fluoride ionized water. Effective against citrus spider mites, strawberry spider mites, cotton spider mites, and other pests.	It is recommended to dilute this product 5000-7000 times into the prepared solution, stir well, and then spray. If you need to further improve the efficacy or reduce the spray volume, you can appropriately increase the dosage of this product.	50 grams mixed with 30 jin of water	500 grams	197.27
PN0001	Bacillus thuringiensis (Bt) 4000IU/μL	pesticide	Tea trees (tea caterpillars), cotton (cotton bollworms), forests (pine caterpillars), rice (rice leaf rollers), corn (corn borers), cruciferous vegetables (cabbage caterpillars, diamondback moths).	Active ingredient: Bacillus thuringiensis 4000 IU/µL	Crop/Location Target Pest Dosage (Preparation Dosage/Acre): Spraying: Tea tree (tea caterpillar): 200-400 times dilution; Cotton (second generation): 200-250 ml/acre; Forest pine caterpillar: 200-400 ml/acre; Rice (rice leaf roller): 200-250 ml/acre; Spraying: Corn (corn borer): 150-200 ml/acre. Technical Requirements: 1. Begin application at the early stage of caterpillar infestation, when the density reaches the local control threshold. The dosage depends on local application practices and pest occurrence. Note: 2. Do not apply during strong winds or if rain is expected within one hour. Insecticide	100 grams mixed with 30 jin of water	500g/1000g	24.6
PN0002	Pyraclostrobin (Kairun)	pesticide	Wheat, rice, corn, soybeans, peanuts, fruit trees (apples, citrus fruits, etc.), and vegetables and fruits (cucumbers, tomatoes, cabbage, scallions).	Active ingredient: Pyraclostrobin 250 g/L		10 grams mixed with 30 jin of water	100 grams	180.61
PN0003	Spinetoram	pesticide	Vegetables (cabbage, Chinese cabbage, tomatoes, cowpeas, etc.), rice, corn, and fruit trees (apples, pears, grapes, etc.)	Active ingredient: Ethyl spinosad 60 g/L	Crops/Fields: Cabbage, cauliflower, tomato, blueberry, asparagus, eggplant, grapes, etc. For specific application techniques and methods, please refer to the instruction manual. First Aid for Poisoning: 0532-8388 9090	15 grams mixed with 30 jin of water	100 grams	51.41
PN0004	30% Trichlorfon	pesticide	Cabbage (cabbage caterpillar), rice, wheat, cotton, mulberry trees, vegetables and fruits (cucumber, tomato, watermelon, eggplant, etc.), and fruit trees (citrus, lychee, etc.).	Active ingredient: 30% trichlorfon	Dosage: 100-150 ml/mu (approximately 0.067 hectares). Apply 1-2 times, with an interval of 7 days. 2. Sorghum and beans are particularly susceptible to phytotoxicity; avoid pesticide drift onto the soil surface. Organophosphate insecticides have strong stomach poison and systemic effects on pests, and exhibit degradative activity, but lack systemic action. Insecticide	90 grams mixed with 30 jin of water	300g/500g/1000g	212.54
PN0005	29% Bisultap	pesticide	Rice, cruciferous vegetables (cabbage, Chinese cabbage, etc.), sugarcane, tea, corn	Active ingredient: Insecticidal 29%	Crop/Location | Target Pest | Dosage (Prepared Dosage/Mu) | Application Method | | --- | --- | --- | --- | | Rice | Rice Stem Borer | 155-185 ml/mu | Spray | | Rice | Sugarcane Stem Borer | 155-185 ml/mu | Spray | | Sugarcane | Sugarcane Stem Borer | 155-185 ml/mu | Spray | Technical Requirements for Use: 1. This product should be applied during the peak hatching period of rice stem borer eggs to the early borer stage of young larvae, diluted with 30-60 kg/mu of water and sprayed evenly. After application, maintain a shallow water layer of 3-5 cm, allow it to dry naturally, and then proceed with regular irrigation and drainage. 2. During the peak hatching period of sugarcane stem borer eggs, dilute with 30-60 kg/mu of water and spray evenly. 3. Do not apply the pesticide on windy days or if there is rain within an hour. 4. The safe interval for rice is 15 days, with a maximum of 3 applications per season; the safe interval for sugarcane is 15 days, with a maximum of 1 application per season. 5. This product may cause phytotoxicity to potatoes, cotton, beans, sorghum, and other crops. Seedlings of cruciferous vegetables such as cabbage are sensitive to this product under high summer temperatures; therefore, care should be taken to prevent the solution from drifting onto these crops during application.	30 grams mixed with 30 jin of water	500g/200g	214.46
PN0006	1.8% Abamectin	pesticide	Cruciferous vegetables (such as diamondback moth), rice, wheat, cotton, tea, fruit trees (citrus, grapes, etc.), and vegetables and fruits (such as cabbage, tomatoes, cucumbers, and leeks).	Active ingredient: Avermectin 1.8%	Crop/Crop/Location Target Pest Dosage (Preparation Dosage/Application Method) Small Shrimp 30-40 ml/mu/mu spraying	30 grams mixed with 30 jin of water	1000g/500g	30.6
PN0007	3% Metalaxyl-Hymexazol	pesticide	Rice, wheat, corn, vegetables and fruits (cucumbers, melons, tomatoes, peppers, cabbage), and fruit trees (apples, citrus fruits, strawberries, etc.)	Active ingredients: Hymexazol 2.5%, Metalaxyl 0.5%; Total active ingredients: Metalaxyl-M 3% (Active ingredients and their contents: Hymexazol 2.5%, Metalaxyl 0.5%)	| Crop/Location | Target Disease | Dosage (Preparation Rate/Acre) | Application Method | |---------|---------|----------------|---------| | Rice Seedling Field | Damping-off Disease | 12-18 g/m² | Spraying | Application Technical Requirements: Apply before sowing or at the one-leaf-one-heart stage of rice. Dilute the required amount of pesticide 1000 times with water and spray onto the soil and water. Safety Interval: The safety interval for full application is 3 days, with a maximum of 3 applications per season.	100 grams mixed with 30 jin of water	1000g/500g/100g	202.96
PN0008	30% Metalaxyl-Hymexazol	pesticide	Rice, wheat, corn, vegetables and fruits (cucumbers, melons, tomatoes, peppers, cabbage), and fruit trees (apples, citrus fruits, strawberries, etc.)	Active ingredients: Hymexazol 25%, Metalaxyl 5%; Total active ingredients: Metalaxyl-M 30% (Active ingredients and their contents: Hymexazol 25%, Metalaxyl 5%)	| Crop/Location | Target Disease | Dosage (Preparation Rate/Acre) | Application Method | | --- | --- | --- | --- | | Rice | Damping-off | 1.2-1.5 g/m² | Spraying | Application Requirements: Apply before sowing or at the one-leaf-one-heart stage of rice. Dilute the required amount of pesticide 1000 times with water and spray onto the soil. Note: If using a concentration higher than the above instructions, immediately rinse the seedlings with clean water after spraying to prevent phytotoxicity.	20 grams mixed with 30 jin of water	100 grams	165.35
PN0009	3.2% Emamectin Benzoate + Cypermethrin	pesticide	Vegetables and fruits (cabbage, Chinese cabbage, tomato, eggplant, watermelon, cantaloupe), rice, corn, wheat, fruit trees (apple, pear, peach, etc.), cotton, tea trees	Active ingredient: Emamectin benzoate 0.2%; Total active ingredients: Emamectin benzoate 3.2%; Emamectin benzoate 0.2%; Cypermethrin 3%	| Crop/Location | Target Pest | Dosage (Preparation Rate/Acre) | Application Method | | --- | --- | --- | --- | | Cabbage | Beet armyworm | 40-60 ml/acre | Spray | Application Requirements: 1. This product should be applied during the peak emergence period of 1st-2nd instar larvae or the peak egg hatching period of the beet armyworm, ensuring even spraying. 2. Do not apply on windy days or if rain is expected within one hour. 3. The safe interval for using this product on cabbage is 9 days, and it can be used a maximum of 2 times per season.	30 grams mixed with 30 jin of water	500 grams	185.62
PN0010	10% Glufosinate-P Ammonium	pesticide	Targeted spraying of weeds during the seedling stage in non-arable land, orchards (citrus, apple, pear, grape, etc.), tea gardens, and crops (wheat, corn, rice, rapeseed, etc.).	Active ingredient: 10% glufosinate	| Crop/Location | Target Pest | Dosage (Preparation Rate/acre) | Application Method | |-----------|----------|-------------------|----------| | Non-cultivated Land | Weeds | 200-300 ml/acre | Foliar Spray | Application Requirements: Apply the herbicide once as a foliar spray during the weed's growing season, ensuring the weeds are thoroughly wetted. Increase the dosage appropriately for larger or thicker weeds. Do not use near seedling emergence roads, field ridges, between rows of fruit trees, fallow land, forest farms, or other areas where vegetation needs to be preserved.	120 grams mixed with 30 jin of water	1000g/200g	170.84
PN0011	2.5% Lambda-cyhalothrin	pesticide	Vegetable crops (cabbage, Chinese cabbage, tomatoes, peppers, etc.), wheat, corn, rice, cotton, and fruit trees (apples, citrus, etc.).	Active ingredient: 2.5% high-efficiency cyhalothrin	Dosage for Cabbage Caterpillar (scraping agent/field): 20-30 ml/mu. Technical requirements: 1. Apply evenly to 30-40 kg of water during the early larval stages of the third instar of the cabbage caterpillar. For older larvae, the dosage can be increased, but the upper limit should not be exceeded. 2. Do not apply pesticides on windy days or if rain is expected within one hour. 3. Safe application period is 7 days; a maximum of 3 applications per crop.	40 grams mixed with 30 jin of water	1000g/500g/20g	187.31
PN0012	Chlorfenapyr + Lufenuron	pesticide	Vegetables and fruits (cabbage, tomato, watermelon, zucchini, etc.), rice, corn, peanuts, fruit trees (citrus, apple, peach, grape, mango, etc.), tea	Active ingredient: Lufenuron-methyl 12%	| Crop/Location | Target Pest | Dosage (Preparation Rate/acre) | Application Method | | --- | --- | --- | --- | | Cabbage | Beet armyworm | 30-50 ml/acre | Spray | Application Requirements: 1. Spray once during the initial peak stage of young larvae of the beet armyworm on cabbage, ensuring a thorough and even spray. 2. Do not apply on windy days or if rain is expected within one hour. 3. Safety interval is 14 days. Maximum one application per crop season. 4. This product is sensitive to cucurbit crops such as zucchini and bitter melon.	30 grams mixed with 30 jin of water	1000g/100g	25.62
PN0013	24% Bifenazate (Happy Citrus Garden)	pesticide	Fruit trees (apples, citrus, etc.), vegetables (chili peppers, eggplants, cucumbers, garlic, etc.), and field crops (cotton, corn, soybeans, etc.).	Active ingredient: Biphenylhydrazine 24%	Crop/Location | Target Pest | Dosage (Preparation Dose/Acre) | Application Method | | --- | --- | --- | --- | | Citrus Trees | Spider Mites | Dilute 1000-1500 times | Spray | Application Requirements: 1. It is recommended to apply the pesticide at the initial stage of spider mite infestation on citrus trees. Spray as evenly and thoroughly as possible, paying particular attention to the undersides of leaves. 2. Do not apply the pesticide on windy days or if rain is expected within one hour. 3. The safe interval for using this product on citrus trees is 21 days, and the maximum number of applications per season is once. First Aid for Poisoning: If you feel unwell during or after use, stop working immediately, take first aid measures, and take the label to a hospital for treatment. Skin Contact: Remove contaminated clothing, remove pesticide residue with a soft cloth, and immediately wash with plenty of water and soap. Eyes Splash: Immediately flush with running water for at least 15 minutes. Inhalation: Immediately leave the application site and move to a place with fresh air. If ingested: Stop taking the pesticide immediately, rinse your mouth thoroughly with water, and take the pesticide label to the hospital immediately.	15 grams mixed with 40 jin of water	100 grams	94.51
PN0014	45% Bifenazate + Etoxazole	pesticide	Fruit trees (apples, pears, peaches, citrus fruits, etc.), vegetables (tomatoes, eggplants, peppers, cucumbers, etc.), and field crops (cotton, soybeans, etc.).	Active ingredients: Bifenazate 30%, Etoxazole 15%; Total active ingredients: Bifenazate·Etoxazole 45% (Active ingredients and their contents: Bifenazate 30%, Etoxazole 15%)	| Crop/Location | Target Pest | Dosage (Prepared Dosage/Acre) | Application Method | | --- | --- | --- | --- | | Citrus Trees | Spider Mites | 8000-12000 times dilution | Spray | Lead concentration 490 g/L (Bifenazate 327 g/L, Etoxazole 163 g/L)	15 grams mixed with 30 jin of water	15 grams	118.03
PN0015	24% Clethodim	pesticide	Spring soybean fields (annual grass weeds), cotton, peanuts, rapeseed, sugar beets, broadleaf vegetables, fruit trees, onions, ginger, and garlic.	Active ingredient: Clethodim 24%	| Crop/Location | Target Weeds | Dosage (Preparation Rate/acre) | Application Method | |---------|---------|-----------------|---------| | Spring Soybean Field | Annual Grass Weeds | 20-30 ml/acre | Foliar Spray | Application Requirements: 1. In spring soybean fields, apply the herbicide once as a foliar spray when grass weeds are at the 2-5 leaf stage after emergence. Dilute with 30-40 kg of water per acre and spray evenly. 2. Do not apply on windy days or if rain is expected within one hour. 3. Maximum of one application per crop season.	20ml packet diluted in 30 jin (15 catties) of water	20 ml	132.68
PN0016	50% Benazolin	pesticide	Brassica napus winter rapeseed, cereals (wheat, barley), alfalfa, flax	Active ingredient: Herbicide 50%	| Crop/Location | Target Weeds | Dosage (Preparation Rate/acre) | Application Method | | --- | --- | --- | --- | | Rapeseed Field | Annual Broadleaf Weeds | 30-40 ml/acre | Foliar Spray | Application Requirements: 1. This product is for rapeseed fields. Direct-seeded rapeseed should be used at the 3-5 leaf stage. Direct-seeded rapeseed is sensitive to this herb before the 10-leaf stage. Use with caution on mustard-type rapeseed and Chinese cabbage-type rapeseed. 2. Apply this product as a foliar spray before winter when temperatures are high or during the rapeseed greening stage after winter when temperatures rise. 3. The maximum number of applications per crop season is once. 4. Do not apply on windy days or if rain is expected within 4 hours.	12-gram packet mixed with 30 jin (15 catties) of water	12 grams	153.88
PN0017	75% Sulfometuron-methyl	pesticide	Non-arable land (wasteland, forest land, forest firebreaks, airports, highways, railways)	Active ingredient: Mefensulfuron-methyl 75%	| Crop/Location | Target Pest | Dosage (Preparation Dose/Acre) | Application Method | |----------|---------|-------------------|---------| | Non-cultivated Land | Weeds | 45-60 g/acre | Foliar Spray | Application Requirements: 1. Apply during the vigorous growth period of weeds, ensuring even spraying. 2. This product can only be used on non-cultivated land. Do not plant any crops after surface application to the soil. 3. This product is a non-selective, non-selective herbicide and should not be applied to crop fields to avoid drift onto crops and useful plants. 4. Prepare the herbicide with water, not muddy water, to avoid reducing its effectiveness. If it rains within 3-4 hours after application, re-spray appropriately after the rain. 5. Avoid application during windy weather. 6. Do not use on unregistered locations such as field roads, field ridges, between rows of fruit trees, fallow land, and forest land.	bags mixed with 30 catties of water	12 grams	170.96
PN0018	14-Hydroxylated Brassinosteroid	pesticide	Rice, wheat, corn, fruit trees (citrus, grapes, strawberries, pears, peaches, etc.), and vegetables (tomatoes, peppers, cucumbers, leafy greens, etc.).	Active ingredient: 14-hydroxybrassinosteroidol 0.01%	| Crop/Location | Target Pest | Dosage (Preparation Dose/Acre) | Application Method | |---------|---------|-----------------|---------| | Wheat | Growth Regulation | 1000-2000 times dilution | Spray | Application Requirements: 1. Apply during the wheat jointing to heading stage. Dilute the product with water according to the recommended dosage and spray evenly. 2. Apply on sunny, windless or lightly windy days, avoiding periods of high temperature. 3. Maximum of one application per crop season.	30 grams mixed with 90 jin of water	500 grams	23.38
PN0019	24-Epibrassinolide	pesticide	Rice, wheat, corn, fruit trees (citrus, apples, grapes, strawberries, etc.), melons and fruits (watermelon, cucumbers, etc.), and vegetables (tomatoes, peppers, etc.).	Active ingredient: Brassinolide	This product, a 1000-2000 times dilution of a plant growth regulator (such as Sugar-based Yue Zhou), is similar to a yeast-based plant growth regulator. It promotes plant growth by encouraging root development, enhancing photosynthesis, and improving crop metabolism and nutrient absorption, ultimately leading to higher yields.	10 grams mixed with 30 jin of water	20 ml/500 ml/1000 ml	238.85
PN0020	Haloxyfop-R-methyl	pesticide	Soybeans, cotton, peanuts, rapeseed, sugar beets, flax, tobacco, sunflowers, peas, eggplants, peppers, cabbage, carrots, Chinese cabbage, potatoes, watermelons, cucumbers, pumpkins, and other broadleaf crops.	Active ingredient: High-efficiency flupyradifurone 108 g/L	Crop/Location | Target Weeds | Dosage (Preparation Rate/acre) | Application Method | |----------|---------|-------------------|---------| | Soybean Field | Gramineous Weeds | 25-30 ml/acre | Foliar Spray | | Peanut Field | Gramineous Weeds | 25-30 ml/acre | Foliar Spray | Application Requirements: 1. When gramineous weeds are at the 3-5 leaf stage, dilute with 25-30 kg of water per acre and spray evenly. 2. This product is only effective against gramineous weeds and is ineffective against broadleaf weeds. If there are many broadleaf weeds in the field, it needs to be used in conjunction with other herbicides. 3. Pay attention to even spraying during application to avoid overspraying and missed areas. 4. Do not apply during windy weather or if rain is expected within 1 hour. 5. It is recommended to rotate with herbicides with different mechanisms of action to delay the development of resistance. 6. Chemical weeding is only one part of integrated weed control in farmland and should not be relied upon entirely.	bags of 40 grams each mixed with 30 jin (15 catties) of water	20 ml	199.97
PN0021	18% D-Limonene	pesticide	Citrus fruits, tomatoes, tobacco, cucumbers, strawberries, etc.	Active ingredient: 18% limonene	| Crop/Location | Target Pest | Dosage (Preparation Dose/Acre) | Application Method | |---------|---------|-----------------|---------| | Citrus Trees | Red Spider Mites | 500-700 times dilution | Spray | Application Requirements: 1. Apply the pesticide at the initial stage of citrus red spider mite infestation. Dilute the product with water according to the recommended dosage and spray evenly, focusing on the underside of the leaves. 2. This product should be used a maximum of 2 times per season, with a safety interval of 7 days. 3. Do not apply the pesticide on windy days or if rain is expected within 1 hour.	bags mixed with 30 catties of water	8 ml	93.54
PN0022	Aminopyralid	pesticide	It is widely used in fields of gramineous crops (such as wheat, barley, and corn), woodlands, lawns, and non-arable land.	Active ingredient: Aminopyridine acid 21%	| Crop/Location | Target Pest | Dosage (Preparation Rate/Acre) | Application Method | | --- | --- | --- | --- | | Tea Tree | Weeds | 333-500 ml/acre | Foliar Spray | | Forest Trees | Broadleaf Weeds | 333-1000 ml/acre | Foliar Spray | Application Requirements: 1. Apply this product during the vigorous growth period of weeds and after shrubs have unfolded their leaves until they reach their vigorous growth period. It is recommended to use 30-50 liters of water per acre for each application, spraying evenly. 2. Apply on windless or lightly windy days to avoid pesticide drift. Do not apply on windy days or if rain is expected within one hour. 3. Please read the label carefully before use and apply according to the recommended dosage and method.	bags diluted with 30 jin of water	5 grams	67.93
PN0023	Oxyfluorfen	pesticide	Spring soybean fields (annual broadleaf weeds), peanuts, wheat	Active ingredient: 10% ethoxysulfuron	Crop/Location: Spring soybean fields. Target weeds: Annual grasses. Dosage (preparation dosage/acre): 60-70 ml/acre. Application method: Foliar spray. Technical requirements: 1. Spray evenly and thoroughly, avoiding overspraying or missed areas. Do not use excessive amounts, otherwise phytotoxicity may occur. Do not use this herbicide if sensitive crops are intercropped in soybean fields. In soybean fields with mixed monocot and dicot weeds, it can be mixed with appropriate grass weed herbicides under the guidance of agricultural technical departments. 2. This product is toxic to bees, fish, and other aquatic organisms. Keep away from such organisms during application. 3. Wear long sleeves, trousers, a hat, and a mask when spraying to avoid contact with eyes and skin. Operators should not drink water, smoke, or eat. Wash exposed skin with clean water after application. 4. Do not pour leftover herbicide into paddy fields, lakes, or rivers. Do not use the container to hold other items. After use, wash, burn, or bury it properly. First aid for poisoning: 1. If the drug gets into the eyes, flush with plenty of water for at least 15 minutes. 2. If the drug comes into contact with the skin, wash thoroughly with soap and water. 3. If the drug is accidentally ingested, treat the symptoms accordingly.	One bag diluted with 30 jin of water	10 ml	113.24
PN0024	5% Imidacloprid	pesticide	Rice (planthoppers), wheat, cotton, vegetables, fruit trees (apples, pears, peaches, etc.), flowers, and many other crops.	Active ingredient: Imidacloprid 5%	This product is a systemic insecticide with stomach poison and contact action, a long-lasting effect, and good control of piercing-sucking pests. It contains a high-penetration dose, enhancing its permeability and providing good control of rice planthoppers. | Crop/Location | Target Pests | Dosage (Preparation Dose/Acre) | Application Method | |---------|---------|----------------|---------| | Rice | Planthopper | 12-24 g/acre | Spray | Application Requirements: 1. Apply during the initial peak of rice planthopper infestation, diluted with 30-50 kg of water and sprayed evenly. 2. Do not apply on windy days or if rain is expected within one hour.	30 grams mixed with 30 jin of water	500 grams	27.27
PN0025	10% Imidacloprid	pesticide	Rice (rice louse)	Active ingredient: Imidacloprid 10%	| Crop/Location | Target Pest | Dosage (Preparation Rate/Acre) | Application Method | |-----------|----------|-------------------|----------| | Rice | Planthopper | 10-20 g/acre | Spray | | Wheat | Aphid | 10-20 g/acre | Spray | Application Technical Requirements: 1. Apply the pesticide at the initial stage of pest infestation, spraying evenly. 2. Use 30-45 kg of water per acre, fully dissolving the pesticide before spraying evenly. 3. Do not apply on windy days or if rain is expected within one hour. 4. The maximum number of applications per season is 3, with a safety interval of 14 days.	10 grams mixed with 30 jin of water	10 grams	53.79
PN0026	75% Imidacloprid	pesticide	Cabbage (aphids), wheat (aphids), tea trees (tea green leafhoppers), cotton (aphids), rice (planthoppers)	Active ingredient: Imidacloprid 70%		grams mixed with 30 jin of water	3 grams	150.88
PN0027	Emamectin Benzoate	pesticide	Vegetables and fruits (cabbage, kale, tomato, eggplant, cucumber, etc.), fruit trees (citrus, apple, pear, grape, etc.), and field crops (cotton, corn, rice, soybean).	Active ingredient: Emamectin benzoate 5.7%	| Crop/Location | Target Pest | Dosage (Preparation Dose/Acre) | Application Method | |---------|---------|-----------------|---------| | Cabbage | Beet Armyworm | 6-10 g/acre | Spray | Application Requirements: 1. Apply during the early larval stages of the beet armyworm. Dilute the product with water according to the recommended dosage and spray evenly. 2. This product should be used a maximum of 2 times per season, with a safety interval of 7 days. 3. Do not apply on windy days or if rain is expected within 1 hour.	10 grams mixed with 30 jin of water	10 grams	12.75
PN0028	10% Acetamiprid	pesticide	Cotton (aphids), vegetables and fruits (cucumbers, tomatoes, watermelons, eggplants, etc.), fruit trees (apples, citrus, pears, etc.), rice, wheat, tea, tobacco, peanuts	Active ingredient: Acetamiprid 10%	| Crop/Location | Target Pest | Dosage (Preparation Rate/acre) | Application Method | | --- | --- | --- | --- | | Cotton | Aphids | 10-15 ml/acre | Spray | See instructions for complete label information	30 grams mixed with 30 jin of water	30 grams	249.44
PN0029	6% Kasugamycin	pesticide	Rice (rice blast), tobacco (wildfire disease), vegetables and fruits (cucumbers, tomatoes, watermelons, peppers, etc.), and fruit trees (citrus, lychees, etc.).	Active ingredient: Kasugamycin 6%	Target pests: Rice blast. Dosage (dose/mu): 33.3-50 ml/mu. Spraying application requirements: 1. For rice leaf blast, apply at the early stage of disease; for neck blast, apply at the heading stage; and spray again at the full heading stage. Ensure even spraying. Apply once every 7-10 days, for 2-3 consecutive applications. For tobacco wildfire control, dilute with water evenly at the early stage of disease, and apply up to 3 times. 2. Apply immediately on windy days or when rain is expected within 3 hours. If rain occurs within 3 hours of spraying, re-spray. 4. The application period for rice is 21 days, with a maximum of 3 applications per crop season; for tobacco, a maximum of 3 applications per crop season.	45 grams mixed with 30 jin of water	500 grams	137.08
PN0030	3% Phoxim	pesticide	Wheat, corn, rice, cotton, peanuts, apples, peaches, and vegetable crops (cabbage, kale, radishes, tomatoes, etc.)	Active ingredient: Phoxim 3%	| Crop/Location | Target Pest | Dosage (Preparation Rate/Acre) | Application Method | | --- | --- | --- | --- | | Peanut | White Grubs | Dosage per Acre: 6-7 bags | Broadcast | Application Requirements: 1. For controlling white grubs in peanut fields, apply during the peak adult egg-laying period to the early larval stage. 2. Apply once a year, using 6-7 bags per acre. 3. This product should not be applied repeatedly; apply a maximum of once per crop season.	Direct application	800 grams	71.9
PN0031	6% Metaldehyde	pesticide	Rice, vegetables (leafy greens, cabbage, bok choy, cucumber, tomato, pepper, etc.), fruit trees (kiwifruit, citrus, strawberries, grapes, etc.), and cash crops (tobacco, cotton, corn, lotus root).	Active ingredient: 6% metaldehyde	| Crop/Location | Target Pest | Dosage (Prepared Dosage/Acre) | Application Method | |----------|---------|-------------------|---------| | Cabbage | Snails | 400-600 g/acre | Broadcast | Application Requirements: 1. Broadcast evenly on the field surface during peak snail activity (evening or after rain), do not pile up. 2. Do not water immediately after application to avoid affecting efficacy. 3. Ensure even distribution to facilitate snail contact. 4. It is recommended to apply at the initial stage of snail infestation; the dosage can be increased appropriately in severe cases. 5. Maximum of 2 applications per season.	Direct application	500 grams	227.8
PN0032	5% Hexazinone	pesticide	Forest firebreaks (miscellaneous shrublands), non-arable land, orchards, tea gardens, and woodlands	Active ingredient: Cycloazine 5%	| Crop/Location | Target Pest | Dosage (Preparation Rate/Acre) | Application Method | |---------|---------|-----------------|---------| | Forest Firebreaks | Shrubs | 2500-3000 g/acre | Direct Application | | Forest Firebreaks | Weeds | 1500-2500 g/acre | Direct Application | Application Technical Requirements: 1. Apply the pesticide during the germination and growth period of weeds and shrubs, directly and evenly spreading the granules onto the soil surface of the forest firebreak. 2. Rainfall after application is beneficial for efficacy; in dry weather, appropriate watering can promote efficacy. 3. Pay attention to wind direction during application to prevent pesticide drift to non-target areas. 4. Apply no more than once per year.	Direct application	500 grams	54.44
PN0033	18% Imidacloprid + Buprofezin	pesticide	Rice (planthoppers), vegetables, fruit trees (citrus, peach, etc.), flowers, onions, ginger, and garlic	Active ingredients: Imidacloprid 2%, Thiamethoxam 16%; Total active ingredients: Imidacloprid·Thiamethoxam 18% (Active ingredients and their contents: Imidacloprid 2%, Thiamethoxam 16%)	| Crop/Location | Target Pest | Dosage (Preparation Dose/Acre) | Application Method | | --- | --- | --- | --- | | Citrus Trees | Scale Insects | 1000-1500 times dilution | Spray |	30 grams mixed with 30 jin of water	200g/500g	222.94
PN0034	1.8% Xingjunamine Acetate	pesticide	Apple trees (fruit rust, rot), fruit trees, vegetables, and field crops (rice, cotton, wheat, etc.)	Active ingredient: Oxyphenidyl 1.26%	Crop/Location Control Target Dosage (Preparation Dose/Acre) Application Method Apple rust: 160-320 times dilution (spray) Apple rot: 200-300 times dilution (apply to wounds) Technical Requirements: 1. Apply at the early stage of apple rust and rot, taking into account field disease incidence and climatic conditions. Generally, apply 2-3 times consecutively, with an interval of 7-10 days between applications. 2. Avoid application during the midday heat; apply before 10:00 AM or after 1:00 PM. 3. The safe interval on apple trees is 7 days; a maximum of 3 applications per season. Shelf Life: 2 years Production Date and Batch Number: See spray code for fungicide	50 grams mixed with 30 jin of water	200g/500g/1000g	69.09
PN0035	33% Glyphosate Ammonium Salt	pesticide	Orchards (citrus orchards, pear orchards, apple orchards, vineyards, etc.), tea gardens, mulberry gardens, fields for crops such as corn, cotton, and soybeans, and non-arable land (railways, highways, airports, etc.).	Active ingredient: glyphosate 30%	| Crop/Location | Target Pest | Dosage (Preparation Rate/acre) | Application Method | | --- | --- | --- | --- | | Non-cultivated Land | Weeds | 380-500 ml/acre | Foliar Spray | Application Requirements: 1. Apply according to the recommended dosage, diluted with 30-40 kg of water per acre for even spraying. 2. Stir thoroughly when preparing the pesticide. 3. Do not apply on windy days or if rain is expected within 4 hours.	200 grams mixed with 30 jin of water	200 grams	25.13
PN0036	10% Glufosinate-P Ammonium	pesticide	Targeted spraying of weeds in non-arable land, orchards (citrus, apple, pear, grape, etc.), tea gardens, and during the seedling stage of crops.	Active ingredient: 10% glufosinate	| Crop/Location | Target Pest | Dosage (Preparation Rate/acre) | Application Method | |-----------|----------|-------------------|----------| | Non-cultivated Land | Weeds | 200-300 ml/acre | Foliar Spray | Application Requirements: Apply the herbicide once as a foliar spray during the weed's growing season, ensuring the weeds are thoroughly wetted. Increase the dosage appropriately for larger or thicker weeds. Do not use near seedling emergence roads, field ridges, between rows of fruit trees, fallow land, forest farms, or other areas where vegetation needs to be preserved.	100 grams mixed with 30 jin of water	100g/200g	183.18
AF0050	Humic Acid Nutrient Solution	Assisted growth	Cotton, chili peppers, tomatoes, corn, rice, wheat, sugar beets, sunflowers, watermelons, gourds, potatoes, rapeseed, spices, medicinal herbs, and forestry and fruit crops, etc.	Effective viable bacteria count ≥200 million/mL	1. Foliar spray: 100-150g/mu 2. Fertigation/drip irrigation: 5-10 kg/mu Note: Adjust the dosage according to different crops, time of year, soil fertility, and fertilization habits.	gram to 1 pound of water	200g/500g	73.33
PN0037	12% Chlorfenapyr + Lufenuron	pesticide	Vegetables and fruits (cabbage, tomato, watermelon, zucchini, etc.), rice, corn, peanuts, fruit trees (citrus, apple, peach, grape, mango, etc.), tea	Active ingredient: Lufenuron-methyl 12%	| Crop/Location | Target Pest | Dosage (Preparation Rate/acre) | Application Method | | --- | --- | --- | --- | | Cabbage | Beet armyworm | 30-50 ml/acre | Spray | Application Requirements: 1. Spray once during the initial peak stage of young larvae of the beet armyworm on cabbage, ensuring a thorough and even spray. 2. Do not apply on windy days or if rain is expected within one hour. 3. Safety interval is 14 days. Maximum one application per crop season. 4. This product is sensitive to cucurbit crops such as zucchini and bitter melon.	20 grams mixed with 30 jin of water	20g/100g/1000g	237.09
PN0039	Florasulam 50g/L SC	pesticide	Wheat (broadleaf weed)	Active ingredient: Diflubenzuron 50 g/L	| Crop/Location | Target Pest | Dosage (Preparation Rate/acre) | Application Method | |----------|---------|-------------------|---------| | Winter Wheat Field | Shepherd's Purse, Water Chestnut | 30-50 ml/acre | Foliar Spray | Application Requirements: 1. Apply during the vigorous growth period of weeds, ensuring even spraying. 2. This product is only for use in winter wheat fields; do not use in other crop fields. 3. Do not apply on windy days or if rain is expected within one hour. 4. It is recommended to rotate with herbicides of different mechanisms of action to delay the development of resistance. 5. Apply no more than once per season.	Dilute with water and spray according to the instructions.	20 ml	45.17
PN0040	30% Thiamethoxam SC	pesticide	Rice (planthoppers), vegetables, flowers	Active ingredient: Thiamethoxam 30%	Crop/Site Target Pest * Rice Dosage (Preparation Dosage/acre) $ 3-4 ml/acre Application Requirements: 1. Apply this product evenly during the early stages of rice planthopper infestation. 2. Avoid drifting of the pesticide solution onto other crops to prevent phytotoxicity. 3. Do not apply on windy days or during rainfall within one hour. 4. Maximum of two applications per season, with a safety interval of 16 days.	Dilute with water and spray according to the instructions.	100g/1000g	55.99
PN0041	22% Thiamethoxam + Lambda-cyhalothrin ZC	pesticide	Tea trees (tea green leafhopper), wheat (aphids), vegetables, and fruit trees	Active ingredients: 9.4% lambda-cyhalothrin and 12.6% thiamethoxam; Total active ingredients: 22% lambda-cyhalothrin and 22% thiamethoxam.	Target pests: Aphids, Tea Green Leafhopper. Dosage (prepared dosage/acre): 5-7 ml/acre. Technical requirements: 1. This product is used for the initial stage of tea green leafhopper infestation on tea trees. Spray with 30-50 kg/acre, ensuring even application. For wheat aphids, spray with water at the beginning of the aphid infestation period, diluted with 3-50 kg/acre. 2. Prevent the pesticide from drifting onto other crops during spraying. 3. Do not apply on windy days or if rain is expected within one hour. 4. The safe interval for use on tea trees is 7 days, with a maximum of one application; the safe interval for wheat is 21 days, with a maximum of one application per crop season. Insecticide	Dilute with water and spray according to the instructions.	100g/500g	40.84
PN0042	50% Carbendazim WP	pesticide	Vegetables, fruit trees, wheat, rice	Active ingredient: Carbendazim 50%	| Crop/Location | Target Disease | Dosage (Preparation Dose/Acre) | Application Method | | --- | --- | --- | --- | | Wheat | Fusarium Head Blight | 100-150 g/acre | Spray | | Rice | Rice Blast | 100-150 g/acre | Spray | Application Technical Requirements: 1. For wheat Fusarium head blight, apply the pesticide at the early flowering stage, diluted with approximately 30 kg of water and spray evenly. 2. For crops such as soybeans and peanuts, treat seeds with this product before sowing. 3. This product can be used a maximum of 3 times per season.	Dilute with water and spray according to the instructions.	50 grams	241.46
PN0043	200g/L Diquat AS	pesticide	Orchards, non-cultivated land (contact weed control)	Active ingredient: Diquat 200 g/L	| Crop/Location | Target Pest | Dosage (Preparation Rate/Acre) | Application Method | |----------|---------|-------------------|---------| | Non-cultivated Land | Weeds | 300-400 ml/acre | Foliar Spray | Application Requirements: 1. Apply evenly with water during the vigorous growth period of weeds. When preparing the herbicide, first add sufficient water to the pesticide tank, then pour in the herbicide solution and stir well. When spraying, ensure no overlap or omissions. 2. Diquat is a contact herbicide; dilution with neutral or slightly alkaline water yields better results. Do not use muddy or dirty water to prepare the herbicide. 3. It is recommended to dilute with 30-40 kg of water per acre for foliar spraying. 4. If it rains 3-4 hours after application, reapply the herbicide. 5. Apply the herbicide in windless or lightly windy weather to avoid drift of the herbicide solution onto non-target crops.	300-400 ml/mu diluted in 30-40 kg of water	100 grams	85.88
PN0044	10% Tribenuron-methyl WP	pesticide	Wheat (broadleaf weed)	Active ingredient: Bensulfuron-methyl 10%	| Crop/Location | Target Pest | Dosage (Preparation Rate/Acre) | Application Method | |----------|---------|-------------------|---------| | Winter Wheat Field | Sowing Shepherd's Purse, Capsella | 9-15 g/acre | Foliar Spray | Application Requirements: 1. Apply evenly to winter wheat after it turns green and before jointing, when weeds are at the 2-4 leaf stage. Dilute with 25-30 kg of water per acre and spray evenly. 2. This product is ineffective against grassy weeds. If there are many grassy weeds in the field, it needs to be used in conjunction with other herbicides. 3. Ensure even spraying during application to avoid overspraying or missed areas. 4. Do not apply during windy weather or if rain is expected within one hour. 5. Use no more than once per season.	15-gram packet mixed with 30 jin (15 catties) of water	15 grams	188.93
PN0045	30% Glyphosate Isopropylamine Salt AS	pesticide	Non-arable land, orchards (systemic weed control)	Active ingredient: 30% glyphosate isopropylammonium salt		200 grams mixed with 30 jin of water	200 grams	20.23
PN0046	10% Glufosinate-ammonium AS	pesticide	Orchards, non-cultivated land (non-selective weed control)	Active ingredient: 10% glufosinate	Dosage (prepared dose/spray): 200-300 ml/mu (approximately 133-1333), 250-350 ml/mu (approximately 163-1333), application method: †Directional foliar spraying. Use with caution during periods of high temperature. Contact: 0543-3315114	100 grams mixed with 30 jin of water	100g/1000g	110.23
PN0047	69g/L Fenoxaprop-P-ethyl EW	pesticide	Wheat (a grass weed)	Active ingredient: Quizalofop-P-ethyl 69 g/L		1 bag mixed with 30 catties of water	10 ml	136.8
AF0051	Ca-Mg-B-Zn-Fe Micronutrient Fertilizer	Assisted growth	Cotton, chili peppers, tomatoes, corn, rice, wheat, sugar beets, sunflowers, watermelons, gourds, potatoes, rapeseed, spices, medicinal herbs, and forestry and fruit crops, etc.	Main technical indicators: Ca≥145g/L, Mg≥10g/L, B≥3g/L, Zn≥2g/L, Fe≥3g/L	1. Foliar spraying 2. Drip irrigation 3. Fertigation - Foliar spraying: 100-150g/mu - Drip irrigation: 1-2 kg/mu - Fertigation: 5-10 kg/mu Note: Adjust the dosage according to different crops, different growth stages, soil fertility and fertilization habits.	gram to 1 pound of water	200g/500g	6.85
PN0048	56% MCPA-Sodium SP	pesticide	Wheat, rice, corn (broadleaf weeds)	Active ingredient: Sodium 2,4-D (56%)	Crop/Location Target Weed Dosage (Preparation Dosage/acre) Application Method Wheat Broadleaf Weeds 30-40 g/acre Foliar Spray Rice Broadleaf Weeds 30-40 g/acre Foliar Spray Technical Requirements: 1. For controlling broadleaf weeds in wheat fields, apply the herbicide when wheat is at the 3-5 leaf stage and weeds are at the 2-4 leaf stage, diluted with 30-40 kg/acre and sprayed evenly. 2. For controlling broadleaf weeds in rice fields, apply the herbicide after rice transplanting and when weeds are at the 2-4 leaf stage, diluted with 30-40 kg/acre and sprayed evenly. 3. Do not apply on windy days or if rain is expected within 1 hour. 4. Maximum of one application per crop season.	Dilute with 30-40 kg of water and spray according to the instructions.	10 grams	103.79
PN0049	10% Imidacloprid WP (Bangsaike)	pesticide	Rice (rice louse)	Active ingredient: Imidacloprid 10%	| Crop/Location | Target Pest | Dosage (Preparation Rate/Acre) | Application Method | |---------|---------|----------------|---------| | Rice | Rice Planthopper | 10-15 g/acre | Spraying |	10 grams mixed with 30 jin of water	10 grams	109.71
PN0050	10% Imidacloprid WP (Dafei No.1)	pesticide	Rice (rice planthopper)	Active ingredient: Imidacloprid 10%	| Crop/Location | Target Pest | Dosage (Preparation Rate/Acre) | Application Method | |-----------|----------|-------------------|----------| | Rice | Planthopper | 10-20 g/acre | Spray | | Wheat | Aphid | 10-20 g/acre | Spray | Application Technical Requirements: 1. Apply the pesticide at the initial stage of pest infestation, spraying evenly. 2. Use 30-45 kg of water per acre, fully dissolving the pesticide before spraying evenly. 3. Do not apply on windy days or if rain is expected within one hour. 4. The maximum number of applications per season is 3, with a safety interval of 14 days.	10 grams mixed with 30 jin of water	10 grams	23.73
PN0051	10% Lambda-cyhalothrin EW	pesticide	Vegetables, cotton, and fruit trees (pest control)	Active ingredient: 10% high-efficiency cyhalothrin	| Crop/Location | Target Pest | Dosage (Prepared Dosage/Acre) | Application Method | |-----------|----------|-------------------|----------| | Cabbage | Cabbage Caterpillar | 10-20 ml/acre | Spray | Application Requirements: 1. Apply during the early larval stages of the pest, spraying evenly. 2. Use 30-45 kg of water per acre to dilute the pesticide and spray evenly on both sides of the crop leaves. 3. Do not apply on windy days or if rain is expected within one hour. 4. The safety interval is 7 days, and the maximum number of applications per season is 2.	Dilute with water and spray according to the instructions.	10 ml	85.49
AF0042	Universal Fungus Clear (Microbial Agent)	Assisted growth	Crops such as corn, rice, wheat, sugar beets, cotton, chili peppers, tomatoes, sunflowers, watermelons, gourds, potatoes, rapeseed, spices, medicinal herbs, and forest fruits.	Effective live bacteria count ≥ 3 billion/ml	1. Use 25-30 grams of this product, diluted in 9-15 kg of water, and spray evenly. Repeat every 10 days or so. (This can reduce the occurrence of various diseases.) 2. For foliar spraying, dilute 300-500 times. For root drenching, dilute 100-200 times. 3. For fertigation or drip irrigation, use 1-2 kg per acre.	gram to 1 pound of water	200g/500g	200.62
AF0043	All Insect Clear (Synergist)	Assisted growth	General purpose (suitable for various insecticides, fungicides, herbicides, foliar fertilizers, and plant growth regulators)	Product Ingredients: Plant essential oils, peppermint, borneol, lavender, thyme, fluoride ionized water	It is recommended to dilute this product 5000-7000 times into the prepared solution, stir well, and then spray. If you need to further improve the efficacy or reduce the spray volume, you can appropriately increase the dosage of this product.	Add to the drug solution at a dilution ratio of 5000-7000 times.	500 grams	239.59
AF0044	Agricultural Silicone (Organosilicone Adjuvant)	Assisted growth	General purpose (suitable for various spray pesticides, can be used in conjunction with insecticides, fungicides, herbicides, plant growth regulators, foliar fertilizers, etc.)	Active ingredient: Ethoxylated modified polytrisiloxane	Use 15-30 kg of water per bag, mix with the medicine, and spray evenly.	Add the medicine solution after dilution according to the instructions.	30 grams	25.04
AF0045	Onion Strengthener (Water-Soluble Fertilizer)	Assisted growth	Fruit trees, field crops, melons and fruits, vegetables such as tomatoes and peppers, cotton, garlic, leafy vegetables, ginger, radishes, tobacco, Sichuan pepper, potatoes and sweet potatoes, medicinal herbs, tea, etc.	Main technical indicators: Ca≥100g/L	Dilute this product 800-1000 times with water. For melons: dilute 500 times and spray 2-3 times consecutively, with an interval of 10-15 days. For fertigation and drip irrigation: dilute 5000-10000 times.	gram to 1 pound of water	30 grams	12.16
AF0046	Chlorophyll 120 (Water-Soluble Fertilizer)	Assisted growth	Fruit trees, melons and fruits, vegetables such as tomatoes and peppers, cotton, garlic, leafy greens, ginger, radishes, tobacco, Sichuan pepper, potatoes and sweet potatoes, medicinal herbs, tea, etc.	Product Type: Medium Element Water-Soluble Fertilizer	Foliar spray: Dilute 800-1000 times. For melons and fruits, dilute 500 times and spray 2-3 times consecutively, with an interval of 10-15 days. Fertigation and drip irrigation: Dilute 5000-10000 times.	Dilute 1000 times	30 grams	232.91
AF0047	Spider Mite Killer (Acaricide Synergist)	Assisted growth	Fruit trees, vegetables, etc. (use in conjunction with acaricides)	Main ingredients: Natural plant extracts (bio-based synergist)	It is recommended to dilute this product 5000-7000 times into the prepared solution, stir well, and then spray. If you need to further improve the efficacy or reduce the spray volume, you can appropriately increase the dosage of this product.	Add to the drug solution at a dilution ratio of 5000-7000 times.	500 grams	32.82
AF0048	Herbicide Synergist (Tree-Bamboo-Grass Root Remover)	Assisted growth	Trees, bamboo, grass, etc. (For use with herbicides, suitable for systemic pesticides)	Main component: ethoxylated modified polytrisiloxane	Dilute this product 1000 times, stir well, and then spray.	Dilute 1000 times and stir well before spraying.	100 ml	56.77
AF0049	Liquid Boron Fertilizer	Assisted growth	Field crops such as cotton, rapeseed, wheat, peanuts, corn, and sunflowers; fruit trees such as apples, citrus fruits, dates, pears, peaches, mangoes, and grapes; melons and fruits such as watermelons, papayas, cantaloupes, honeydew melons, cucumbers, and winter melons; and vegetables such as cabbage, cauliflower, radishes, celery, lettuce, and tomatoes.	Technical specifications: Boron (B) ≥ 150 g/L	1. Foliar spray: Dilute 1000-1500 times and spray twice during the peak boron requirement period, late seedling stage, budding stage, and initial flowering stage, with an interval of about 10 days between each spray. 2. Fertigation: 500g/acre; Drip irrigation: 200g-250g/acre. Note: The degree of boron deficiency varies in different regions; the application rate can be appropriately increased or decreased according to the local boron deficiency situation.	gram to 1 pound of water	200g/500g	30.14
AF0052	Rice Disease Clear (Microbial Agent)	Assisted growth	Registered crop: Chili pepper. Practice has shown significant effects on a variety of crops including rice, vegetables, fruit trees, melons, field crops, medicinal herbs, flowers, seedlings, and tea trees.	Effective bacterial strains: Bacillus subtilis, Bacillus brevis, Bacillus licheniformis, Bacillus mucilaginosa, Bacillus amyloliquefaciens; effective viable count ≥ 200 million/ml	Dilute the solution 1000 times during the crop's growing season and spray it evenly on the leaves. The dosage and frequency of application can be adjusted according to local crop growth conditions and fertilization habits.	gram to 1 pound of water	50g/500g	113.19
AF0053	Rapeseed Disease Clear (Microbial Agent)	Assisted growth	Registered crop: Chili pepper. Practice has shown significant effects on a variety of crops including rapeseed, vegetables, fruit trees, melons, field crops, medicinal herbs, flowers, seedlings, and tea trees.	Effective bacterial strains: Bacillus subtilis, Bacillus brevis, Bacillus licheniformis, Bacillus mucilaginosa, Bacillus amyloliquefaciens; effective viable count ≥ 200 million/ml	Dilute the solution 1000 times during the crop's growing season and spray it evenly on the leaves. The dosage and frequency of application can be adjusted according to local crop growth conditions and fertilization habits.	gram to 1 pound of water	50g/500g	203.92
AF0054	Home Garden Ready-to-Use Nutrient Solution	Assisted growth	Indoor and outdoor green plants and flowers	Main components: macroelements (N-P₂O₅-K₂O)	1. First, unscrew the cap and replace the nozzle. 2. When spraying, spray directly onto the leaves until the leaf surface is completely wet; avoid spraying the flowers. 3. Spray once every 7-10 days.	dilution-free	550 grams	5.55
AF0055	Plant Revival Nutrient Solution	Assisted growth	Home gardening: indoor and outdoor plants	Product Type: Water-soluble Fertilizer Containing Macronutrients	1. Shake well before use. No dilution required, can be sprayed directly. Avoid spraying during the midday heat. 2. When spraying, spray directly onto the leaves until the leaf surface is completely wet. Avoid spraying the flowers. 3. Spray once every 7-10 days.	dilution-free	100 grams	183.9
AF0056	Virus No.1 (Biological Virus Inhibitor)	Assisted growth	Vegetables, fruit trees, etc. (enhance crop immunity to various viruses, used in conjunction with antiviral and fungicidal pesticides)	Main ingredients: Extracts of traditional Chinese medicine	1. Dilute this product 800-1000 times before use (one capful is approximately equivalent to one sprayer of water; one 500g bottle is approximately equivalent to 400-500kg of water). Because this product has a high concentration, stir it thoroughly with water to create a layer of foam before spraying the leaves. Make sure to thoroughly spray both sides of the leaves and fruits to ensure the solution fully contacts the insects and eggs for optimal results. 2. When mixing with other pesticides, be sure to stir the water to create foam before spraying for double the effect.	Dilute 5000-7000 times before adding to the medicine solution.	100g/500g	215.23
AF0057	Gray Mold No.1 (Botrytis Control Agent)	Assisted growth	Strawberries, vegetables, flowers, etc. (Enhance crop immunity to fungi such as gray mold, leaf mold, and sclerotinia, and can be used in conjunction with fungicides)	Main ingredients: Extracts of traditional Chinese medicine	1. Dilute this product 800-1000 times before use (one capful is approximately equivalent to one sprayer of water; one 500g bottle is approximately equivalent to 400-500kg of water). Because this product has a high concentration, stir it thoroughly with water to create a layer of foam before spraying the leaves. Make sure to thoroughly spray both sides of the leaves and fruits to ensure the solution fully contacts the insects and eggs for optimal results. 2. When mixing with other pesticides, be sure to stir the water to create foam before spraying for double the effect.	Dilute 5000-7000 times before adding to the medicine solution.	100g/500g	233.71
AF0058	Aphid & Whitefly No.1 (Synergist)	Assisted growth	Vegetables, fruit trees, etc. (for the control of aphids, planthoppers, whiteflies, leaf miners, leafhoppers, etc., used in conjunction with insecticides)	Main ingredients: Extracts of traditional Chinese medicine	1. Dilute this product 800-1000 times before use (one capful is approximately equivalent to one sprayer of water; one 500g bottle is approximately equivalent to 400-500kg of water). Because this product has a high concentration, stir it thoroughly with water to create a layer of foam before spraying the leaves. Make sure to thoroughly spray both sides of the leaves and fruits to ensure the solution fully contacts the insects and eggs for optimal results. 2. When mixing with other pesticides, be sure to stir the water to create foam before spraying for double the effect.	Dilute 5000-7000 times before adding to the medicine solution.	100g/500g	71.49
AF0059	Macro-Element One Spray Green	Assisted growth	Fruit trees, melons and fruits, vegetables such as tomatoes and peppers, cotton, garlic, leafy greens, ginger, radishes, tobacco, Sichuan pepper, potatoes and sweet potatoes, medicinal herbs, tea, etc.	Product Type: Water-soluble Fertilizer Containing Macronutrients	Dilute this product with water 800-1000 times. For cucurbits: dilute 500 times and spray 2-3 times consecutively, with an interval of 10-15 days. For fertigation or drip irrigation: dilute 5000-10000 times.	gram to 1 pound of water	50g/500g	219.76
AF0060	Bacteria Clear (3 Billion CFU)	Assisted growth	Registered crop: Chili pepper. Practice has shown significant effects on a variety of crops including vegetables, fruit trees, melons, field crops, medicinal herbs, flowers, seedlings, and tea trees.	Effective bacterial strains: Bacillus subtilis, Bacillus lateralis, Bacillus licheniformis, Bacillus mucilaginosus, Bacillus amyloliquefaciens	Dilute the solution 1000 times during the crop's growing season and spray it evenly on the leaves. The dosage and frequency of application can be adjusted according to local crop growth conditions and fertilization habits.	gram to 1 pound of water	50g/100g/500g	215.06
AF0061	Vegetable Pest Killer (Caichongsha)	Assisted growth	Vegetables (used in conjunction with pesticides)	Product Ingredients: Plant essential oils, peppermint, borneol, lavender, fluoride ionized water. Specialized solvent. Improves absorption and utilization, enhances efficacy. Complies with standard Q/460JXM 001-2025.	It is recommended to dilute this product 5000-7000 times into the prepared solution, stir well, and then spray. If you need to further improve the efficacy or reduce the spray volume, you can appropriately increase the dosage of this product.	Dilute 5000-7000 times with the prepared solution, stir well, and then spray.	100g/500g	11.54
AF0062	Green Caterpillar Clear (Qingchongjing)	Assisted growth	Vegetables (used in conjunction with pesticides)	Main ingredients: Natural plant extracts (bio-based synergist)	It is recommended to dilute this product 5000-7000 times into the prepared solution, stir well, and then spray. If you need to further improve the efficacy or reduce the spray volume, you can appropriately increase the dosage of this product.	Dilute 5000-7000 times with the prepared solution, stir well, and then spray.	100g/500g	31.95
AF0063	Green Caterpillar Killer (Qingchongsha)	Assisted growth	Vegetables (used in conjunction with pesticides)	Product Ingredients: Plant essential oils, peppermint, borneol, lavender, fluoride ionized water. Specialized solvent. Improves absorption and utilization, enhances efficacy. Complies with standard Q/460JXM 001-2025.	It is recommended to dilute this product 5000-7000 times into the prepared solution, stir well, and then spray. If you need to further improve the efficacy or reduce the spray volume, you can appropriately increase the dosage of this product.	Dilute 5000-7000 times with the prepared solution, stir well, and then spray.	500 grams	63.63
AF0064	Thrips No. 1 (Jima 1 Hao)	Assisted growth	Fruit trees, vegetables, etc. (For thrips control, use in conjunction with insecticides)	Main component: Cinnamaldehyde ≥5%	1. Dilute this product 800-1000 times before use (one capful is approximately equivalent to one sprayer of water; one 500g bottle is approximately equivalent to 400-500kg of water). Because this product has a high concentration, stir it thoroughly with water to create a layer of foam before spraying the leaves. Make sure to thoroughly spray both sides of the leaves and fruits to ensure the solution fully contacts the insects and eggs for optimal results. 2. When mixing with other pesticides, be sure to stir the water to create foam before spraying for double the effect.	Dilute 800-1000 times before use (one capful is approximately equivalent to one spray bottle of water, and one 500g bottle is approximately equivalent to 400-500kg of water).	100g/500g	36.29
AF0065	Thrips Killer (Jimasha)	Assisted growth	Fruit trees, vegetables, etc. (For thrips control, use in conjunction with insecticides)	Product Ingredients: Plant essential oils, peppermint, borneol, lavender, fluoride ionized water. Specialized solvent. Improves absorption and utilization, enhances efficacy. Complies with standard Q/460JXM 001-2025.	It is recommended to dilute this product 5000-7000 times into the prepared solution, stir well, and then spray. If you need to further improve the efficacy or reduce the spray volume, you can appropriately increase the dosage of this product.	Dilute 5000-7000 times with the prepared solution, stir well, and then spray.	500 grams	229.25
\.


--
-- Data for Name: users; Type: TABLE DATA; Schema: public; Owner: postgres
--

COPY public.users (id, email, hashed_password, full_name, created_at, is_active) FROM stdin;
33b17e26-5b7d-47b4-9d3f-50e9e1ae1e04	test22@rawan.com	$2b$12$Cs6f/9RIs5XgUiFoI9xD/eRT99A6bNKPixaTRi9WursPI/5YkZT7W	Rawan Test	2026-06-14 11:02:55.629204	t
1830b0b7-3035-49d6-9200-6ee32b9b2bf9	test93@rawan.com	$2b$12$TLNzv4Xj2OROe/tqu1ENEuOauaSXwHjPyOuK.3.5vG82zSLGZEAPy	Rawan	2026-06-19 10:56:10.101956	t
\.


--
-- Name: diagnoses diagnoses_pkey; Type: CONSTRAINT; Schema: public; Owner: postgres
--

ALTER TABLE ONLY public.diagnoses
    ADD CONSTRAINT diagnoses_pkey PRIMARY KEY (id);


--
-- Name: diseases diseases_name_key; Type: CONSTRAINT; Schema: public; Owner: postgres
--

ALTER TABLE ONLY public.diseases
    ADD CONSTRAINT diseases_name_key UNIQUE (name);


--
-- Name: diseases diseases_pkey; Type: CONSTRAINT; Schema: public; Owner: postgres
--

ALTER TABLE ONLY public.diseases
    ADD CONSTRAINT diseases_pkey PRIMARY KEY (id);


--
-- Name: products products_pkey; Type: CONSTRAINT; Schema: public; Owner: postgres
--

ALTER TABLE ONLY public.products
    ADD CONSTRAINT products_pkey PRIMARY KEY (product_id);


--
-- Name: disease_products uq_disease_product; Type: CONSTRAINT; Schema: public; Owner: postgres
--

ALTER TABLE ONLY public.disease_products
    ADD CONSTRAINT uq_disease_product PRIMARY KEY (disease_id, product_id);


--
-- Name: users users_pkey; Type: CONSTRAINT; Schema: public; Owner: postgres
--

ALTER TABLE ONLY public.users
    ADD CONSTRAINT users_pkey PRIMARY KEY (id);


--
-- Name: ix_diagnoses_created_at; Type: INDEX; Schema: public; Owner: postgres
--

CREATE INDEX ix_diagnoses_created_at ON public.diagnoses USING btree (created_at);


--
-- Name: ix_diagnoses_user_id; Type: INDEX; Schema: public; Owner: postgres
--

CREATE INDEX ix_diagnoses_user_id ON public.diagnoses USING btree (user_id);


--
-- Name: ix_users_email; Type: INDEX; Schema: public; Owner: postgres
--

CREATE UNIQUE INDEX ix_users_email ON public.users USING btree (email);


--
-- Name: diagnoses diagnoses_user_id_fkey; Type: FK CONSTRAINT; Schema: public; Owner: postgres
--

ALTER TABLE ONLY public.diagnoses
    ADD CONSTRAINT diagnoses_user_id_fkey FOREIGN KEY (user_id) REFERENCES public.users(id);


--
-- Name: disease_products disease_products_disease_id_fkey; Type: FK CONSTRAINT; Schema: public; Owner: postgres
--

ALTER TABLE ONLY public.disease_products
    ADD CONSTRAINT disease_products_disease_id_fkey FOREIGN KEY (disease_id) REFERENCES public.diseases(id);


--
-- Name: disease_products disease_products_product_id_fkey; Type: FK CONSTRAINT; Schema: public; Owner: postgres
--

ALTER TABLE ONLY public.disease_products
    ADD CONSTRAINT disease_products_product_id_fkey FOREIGN KEY (product_id) REFERENCES public.products(product_id);


--
-- PostgreSQL database dump complete
--

\unrestrict ADPzhL9TSeqr1VWXIPwUjpkN9UWhAxTZSNeYyMdSlKs8QcPG9bqUclKeml2n46t

